SALE TYPE,SOLD DATE,PROPERTY TYPE,ADDRESS,CITY,STATE OR PROVINCE,ZIP OR POSTAL CODE,PRICE,BEDS,BATHS,LOCATION,SQUARE FEET,LOT SIZE,YEAR BUILT,DAYS ON MARKET,$/SQUARE FEET,HOA/MONTH,STATUS,NEXT OPEN HOUSE START TIME,NEXT OPEN HOUSE END TIME,URL,SOURCE,MLS#,FAVORITE,INTERESTED,LATITUDE,LONGITUDE
MLS Listing,,Townhouse,26 Jennifer Pl,San Francisco,CA,94107,1099000,3,2.0,San Francisco,1484,17082,2000,3,741,129,Active,,,https://www.redfin.com/CA/San-Francisco/26-Jennifer-Pl-94107/home/12397298,San Francisco MLS,423726346,N,Y,37.7800355,-122.4023889
MLS Listing,,Condo/Co-op,152 Lombard St #507,San Francisco,CA,94111,1099000,2,2.0,San Francisco,1206,94533,1975,12,911,1285,Active,March-18-2023 02:00 PM,March-18-2023 04:00 PM,https://www.redfin.com/CA/San-Francisco/152-Lombard-St-94111/unit-507/home/1330360,San Francisco MLS,423723570,N,Y,37.8043962,-122.4041505
MLS Listing,,Single Family Residential,45 Ney St,San Francisco,CA,94112,998000,3,2.0,San Francisco,1250,2495,1918,30,798,,Active,,,https://www.redfin.com/CA/San-Francisco/45-Ney-St-94112/home/1371342,San Francisco MLS,423720117,N,Y,37.7301531,-122.4292632
MLS Listing,,Condo/Co-op,1 Hawthorne St Unit 15B,San Francisco,CA,94105,630000,1,1.0,San Francisco,558,,2010,30,1129,849,Active,,,https://www.redfin.com/CA/San-Francisco/1-Hawthorne-St-94105/unit-15B/home/40399186,San Francisco MLS,423720184,N,Y,37.7857425,-122.3988969
MLS Listing,,Condo/Co-op,250 King St #812,San Francisco,CA,94107,724900,1,1.0,Mission Bay,888,213232,2004,31,816,862,Active,,,https://www.redfin.com/CA/San-Francisco/250-King-St-94107/unit-812/home/22889822,"bridgeMLS, Bay East AOR, or Contra Costa AOR",41017452,N,Y,37.7781222,-122.3932903
MLS Listing,,Condo/Co-op,1075 Market St #211,San Francisco,CA,94103,529000,0,1.0,Market,423,,2018,1,1251,626,Active,,,https://www.redfin.com/CA/San-Francisco/1075-Market-St-94103/unit-211/home/146122166,"bridgeMLS, Bay East AOR, or Contra Costa AOR",41021353,N,Y,37.7805902,-122.4115465
MLS Listing,,Single Family Residential,167 Delano Ave,San Francisco,CA,94112,1299950,3,2.0,San Francisco,1198,5375,1925,1,1085,,Active,March-19-2023 02:00 PM,March-19-2023 04:00 PM,https://www.redfin.com/CA/San-Francisco/167-Delano-Ave-94112/home/698641,San Francisco MLS,423713600,N,Y,37.725604,-122.4409172
MLS Listing,,Multi-Family (5+ Unit),1175 Pine St,San Francisco,CA,94109,2300000,0,,San Francisco,6314,2186,1913,1,364,,Active,,,https://www.redfin.com/CA/San-Francisco/1175-Pine-St-94109/home/1425649,San Francisco MLS,423726844,N,Y,37.790153,-122.4151872
MLS Listing,,Multi-Family (2-4 Unit),25 - 27 Blanken Ave,San Francisco,CA,94134,1350000,4,3.5,San Francisco,3200,1875,1932,1,422,,Active,,,https://www.redfin.com/CA/San-Francisco/25-Blanken-Ave-94134/home/744492,San Francisco MLS,423726002,N,Y,37.7122465,-122.4009421
MLS Listing,,Condo/Co-op,1298 Treat Ave,San Francisco,CA,94110,1250000,4,2.0,San Francisco,1250,4874,1900,1,1000,360,Active,March-14-2023 02:00 PM,March-14-2023 04:00 PM,https://www.redfin.com/CA/San-Francisco/1298-Treat-Ave-94110/home/12311600,San Francisco MLS,422669406,N,Y,37.7493778,-122.4127122
MLS Listing,,Condo/Co-op,48 Terra Vista Ave Unit D,San Francisco,CA,94115,649000,1,1.0,San Francisco,796,3057,1951,1,815,,Active,,,https://www.redfin.com/CA/San-Francisco/48-Terra-Vista-Ave-94115/unit-D/home/11893356,San Francisco MLS,423721401,N,Y,37.7817099,-122.442624
MLS Listing,,Single Family Residential,39 Forest View Dr,San Francisco,CA,94132,1465000,3,2.5,San Francisco,1831,2495,1940,2,800,,Active,,,https://www.redfin.com/CA/San-Francisco/39-Forest-View-Dr-94132/home/839334,San Francisco MLS,423721946,N,Y,37.7334825,-122.4839836
MLS Listing,,Condo/Co-op,250 King St #704,San Francisco,CA,94107,599000,0,1.0,San Francisco,587,213232,2004,2,1020,826,Active,,,https://www.redfin.com/CA/San-Francisco/250-King-St-94107/unit-704/home/8190989,San Francisco MLS,423723483,N,Y,37.7781222,-122.3932903
MLS Listing,,Condo/Co-op,1201 California St #602,San Francisco,CA,94109,1599000,2,2.0,San Francisco,,9462,,2,,1743,Active,,,https://www.redfin.com/CA/San-Francisco/1201-California-St-94109/unit-602/home/12400456,San Francisco MLS,423725100,N,Y,37.790957,-122.4143844
MLS Listing,,Single Family Residential,230 Irving St,San Francisco,CA,94122,1695000,4,3.5,San Francisco,2935,2757,1906,2,578,,Active,,,https://www.redfin.com/CA/San-Francisco/230-Irving-St-94122/home/1883653,San Francisco MLS,423726533,N,Y,37.7645395,-122.4605015
MLS Listing,,Condo/Co-op,1688 Pine St Unit W205,San Francisco,CA,94109,1450000,2,2.0,San Francisco,1200,35482,2016,2,1208,911,Active,March-14-2023 09:30 AM,March-14-2023 11:00 AM,https://www.redfin.com/CA/San-Francisco/1688-Pine-St-94109/unit-W205/home/103924639,San Francisco MLS,423726539,N,Y,37.7895497,-122.4233697
MLS Listing,,Single Family Residential,2880 Green St,San Francisco,CA,94123,11250000,5,5.5,San Francisco,5600,3680,1917,2,2009,,Active,,,https://www.redfin.com/CA/San-Francisco/2880-Green-St-94123/home/1020891,San Francisco MLS,423725536,N,Y,37.794927,-122.4465856
MLS Listing,,Condo/Co-op,1288 Howard St #315,San Francisco,CA,94103,1195000,2,2.0,San Francisco,1011,37143,2022,2,1182,392,Active,,,https://www.redfin.com/CA/San-Francisco/1288-Howard-St-94103/unit-315/home/184682149,San Francisco MLS,423726523,N,Y,37.7752927,-122.4131926
MLS Listing,,Single Family Residential,1400 Lake St,San Francisco,CA,94118,3998000,4,4.5,SAN FRANCISCO,3995,3371,1925,2,1001,,Active,,,https://www.redfin.com/CA/San-Francisco/1400-Lake-St-94118/home/1393349,MLSListings,ML81921253,N,Y,37.7864138,-122.4746533
MLS Listing,,Single Family Residential,22 Fairfield Way,San Francisco,CA,94127,1195000,2,2.0,San Francisco,1296,4120,1928,2,922,,Active,March-14-2023 01:00 PM,March-14-2023 03:00 PM,https://www.redfin.com/CA/San-Francisco/22-Fairfield-Way-94127/home/699849,San Francisco MLS,423726510,N,Y,37.7263797,-122.4632547
MLS Listing,,Single Family Residential,774 Potrero Ave,San Francisco,CA,94110,2400000,3,1.0,San Francisco,1740,2495,1923,2,1379,,Active,,,https://www.redfin.com/CA/San-Francisco/774-Potrero-Ave-94110/home/729741,San Francisco MLS,423726531,N,Y,37.7597059,-122.4072383
MLS Listing,,Single Family Residential,4145 Ulloa St,San Francisco,CA,94116,1500000,6,3.0,San Francisco,1975,4250,1947,2,759,,Active,,,https://www.redfin.com/CA/San-Francisco/4145-Ulloa-St-94116/home/663374,San Francisco MLS,423726526,N,Y,37.7398964,-122.5010788
MLS Listing,,Multi-Family (2-4 Unit),53 Harrington St,San Francisco,CA,94112,979000,5,2.0,SAN FRANCISCO,1880,2500,1916,2,521,,Active,,,https://www.redfin.com/CA/San-Francisco/53-Harrington-St-94112/home/973430,MLSListings,ML81921232,N,Y,37.7256888,-122.4356598
MLS Listing,,Multi-Family (5+ Unit),24 - 34 Jasper Pl,San Francisco,CA,94133,5200000,0,,San Francisco,8012,2603,1906,2,649,,Active,March-14-2023 09:00 AM,March-14-2023 11:00 AM,https://www.redfin.com/CA/San-Francisco/24-Jasper-Pl-94133/home/541396,San Francisco MLS,423724994,N,Y,37.8000276,-122.4081332
MLS Listing,,Condo/Co-op,1163 - 1169 Alabama St Unit 1163A,San Francisco,CA,94110,599000,2,1.0,San Francisco,976,3946,1900,2,614,462,Active,,,https://www.redfin.com/CA/San-Francisco/1163-Alabama-St-94110/unit-1163A/home/184680762,San Francisco MLS,422712984,N,Y,37.7532704,-122.410741
MLS Listing,,Single Family Residential,1219 York St,San Francisco,CA,94110,2300000,4,1.5,San Francisco,1990,2300,1900,2,1156,,Active,,,https://www.redfin.com/CA/San-Francisco/1219-York-St-94110/home/1928710,San Francisco MLS,423726522,N,Y,37.7522302,-122.4079285
MLS Listing,,Single Family Residential,2070 Bush St,San Francisco,CA,94115,4999000,4,2.5,San Francisco,2890,3150,1876,2,1730,,Active,,,https://www.redfin.com/CA/San-Francisco/2070-Bush-St-94115/home/999376,San Francisco MLS,423720114,N,Y,37.7875326,-122.4314279
MLS Listing,,Multi-Family (5+ Unit),1745 Market St,San Francisco,CA,94103,18900000,0,,San Francisco,57448,13422,1909,2,329,,Active,,,https://www.redfin.com/CA/San-Francisco/1745-Market-St-94103/home/1911562,San Francisco MLS,423726259,N,Y,37.7718977,-122.4228952
MLS Listing,,Multi-Family (5+ Unit),425 Hyde St,San Francisco,CA,94109,5450000,0,,San Francisco,18750,6875,1923,2,291,,Active,,,https://www.redfin.com/CA/San-Francisco/425-Hyde-St-94109/home/555608,San Francisco MLS,423726262,N,Y,37.784804,-122.416504
MLS Listing,,Single Family Residential,715 Moultrie St,San Francisco,CA,94110,1149000,2,2.0,San Francisco,,1742,1925,2,,,Active,March-14-2023 02:00 PM,March-14-2023 04:00 PM,https://www.redfin.com/CA/San-Francisco/715-Moultrie-St-94110/home/1193850,San Francisco MLS,423725759,N,Y,37.735794,-122.4159441
MLS Listing,,Condo/Co-op,2846 Sacramento St,San Francisco,CA,94115,1995000,2,2.0,San Francisco,1625,3192,1900,2,1228,500,Active,March-14-2023 10:00 AM,March-14-2023 12:00 PM,https://www.redfin.com/CA/San-Francisco/2846-Sacramento-St-94115/home/1893966,San Francisco MLS,423726271,N,Y,37.7893341,-122.4398011
MLS Listing,,Single Family Residential,104 Collins St,San Francisco,CA,94118,3595000,3,4.0,San Francisco,2614,3702,1954,2,1375,,Active,March-14-2023 11:00 AM,March-14-2023 01:00 PM,https://www.redfin.com/CA/San-Francisco/104-Collins-St-94118/home/2010257,San Francisco MLS,423725896,N,Y,37.7842437,-122.4499307
MLS Listing,,Single Family Residential,33 Rice St,Daly City,CA,94014,1628000,4,3.0,DALY CITY,1988,2775,1927,2,819,,Active,,,https://www.redfin.com/CA/Daly-City/33-Rice-St-94014/home/556234,MLSListings,ML81921200,N,Y,37.7079972,-122.4571844
MLS Listing,,Single Family Residential,77 Jordan Ave,San Francisco,CA,94118,5650000,4,4.5,San Francisco,3555,4000,1908,2,1589,,Active,,,https://www.redfin.com/CA/San-Francisco/77-Jordan-Ave-94118/home/2003586,San Francisco MLS,422706014,N,Y,37.7844423,-122.4571402
MLS Listing,,Condo/Co-op,999 Green St #2905,San Francisco,CA,94133,6200000,2,2.0,San Francisco,,,,2,,3343,Active,,,https://www.redfin.com/CA/San-Francisco/999-Green-St-94133/unit-2905/home/2020683,San Francisco MLS,423717524,N,Y,37.7984858,-122.4151576
MLS Listing,,Condo/Co-op,766 Harrison St #706,San Francisco,CA,94107,375000,0,1.0,San Francisco,,6880,2008,2,,283,Active,,,https://www.redfin.com/CA/San-Francisco/766-Harrison-St-94107/unit-706/home/40138783,San Francisco MLS,423723003,N,Y,37.7816524,-122.3991845
MLS Listing,,Single Family Residential,47 Richland Ave,San Francisco,CA,94110,895000,4,2.0,San Francisco,1570,2500,1904,2,570,,Active,March-13-2023 11:00 AM,March-13-2023 12:00 PM,https://www.redfin.com/CA/San-Francisco/47-Richland-Ave-94110/home/1345919,San Francisco MLS,423725850,N,Y,37.7361768,-122.4255119
MLS Listing,,Condo/Co-op,2925 California St #3,San Francisco,CA,94115,749000,2,1.0,San Francisco,996,3781,1980,2,752,375,Active,,,https://www.redfin.com/CA/San-Francisco/2925-California-St-94115/unit-3/home/184679575,BAREIS,423726519,N,Y,37.7874742,-122.4431056
MLS Listing,,Condo/Co-op,219 Brannan St Unit 4J,San Francisco,CA,94107,1149000,2,2.0,San Francisco,1141,82966,2000,2,1007,1368,Active,March-14-2023 10:00 AM,March-14-2023 11:00 AM,https://www.redfin.com/CA/San-Francisco/219-Brannan-St-94107/unit-4J/home/1641194,San Francisco MLS,423726225,N,Y,37.782856,-122.390344
MLS Listing,,Condo/Co-op,909 Divisadero St,San Francisco,CA,94115,1925000,3,2.0,San Francisco,2101,2461,1900,2,916,328,Active,,,https://www.redfin.com/CA/San-Francisco/909-Divisadero-St-94115/home/12277440,San Francisco MLS,423723500,N,Y,37.7781704,-122.4386179
MLS Listing,,Condo/Co-op,3319 Divisadero St,San Francisco,CA,94123,1895000,2,1.5,San Francisco,1455,2343,1927,2,1302,219,Active,March-14-2023 10:00 AM,March-14-2023 12:00 PM,https://www.redfin.com/CA/San-Francisco/3319-Divisadero-St-94123/home/1209588,San Francisco MLS,423718954,N,Y,37.8003011,-122.4431576
MLS Listing,,Single Family Residential,430 Arch St,San Francisco,CA,94132,1349000,3,1.0,San Francisco,,2500,1946,2,,,Active,,,https://www.redfin.com/CA/San-Francisco/430-Arch-St-94132/home/823430,San Francisco MLS,423725432,N,Y,37.7185023,-122.4669475
MLS Listing,,Single Family Residential,92 Putnam St,San Francisco,CA,94110,1495000,2,1.0,San Francisco,1115,1750,1937,2,1341,,Active,March-14-2023 02:00 PM,March-14-2023 04:00 PM,https://www.redfin.com/CA/San-Francisco/92-Putnam-St-94110/home/763259,San Francisco MLS,423725760,N,Y,37.7383649,-122.4110326
MLS Listing,,Condo/Co-op,3301 - 3311 Cesar Chavez St Unit 3309A,San Francisco,CA,94110,865000,2,2.0,San Francisco,1030,6300,1905,2,840,565,Active,,,https://www.redfin.com/CA/San-Francisco/3301-Cesar-Chavez-St-94110/unit-3309A/home/184679083,San Francisco MLS,423725870,N,Y,37.7479497,-122.4161178
MLS Listing,,Condo/Co-op,280 Spear St Unit 34C,San Francisco,CA,94105,1999000,2,2.0,San Francisco,1212,47916,2022,2,1649,1378,Active,,,https://www.redfin.com/CA/San-Francisco/280-Spear-St-94105/unit-34C/home/184679046,San Francisco MLS,423726517,N,Y,37.7901615,-122.3913352
MLS Listing,,Single Family Residential,75 Navajo Ave,San Francisco,CA,94112,1690000,4,4.0,San Francisco,2085,2182,1930,2,811,,Active,,,https://www.redfin.com/CA/San-Francisco/75-Navajo-Ave-94112/home/818053,San Francisco MLS,423722752,N,Y,37.7202455,-122.4444904
MLS Listing,,Condo/Co-op,786 Minna St #9,San Francisco,CA,94103,695000,2,2.5,San Francisco,1460,4873,1999,2,476,540,Active,,,https://www.redfin.com/CA/San-Francisco/786-Minna-St-94103/unit-9/home/12396758,San Francisco MLS,423726131,N,Y,37.7761928,-122.4139198
MLS Listing,,Condo/Co-op,1238 Sutter St #702,San Francisco,CA,94109,589000,0,1.0,San Francisco,,,2018,2,,536,Active,March-14-2023 09:00 AM,March-14-2023 11:00 AM,https://www.redfin.com/CA/San-Francisco/1238-Sutter-St-94109/unit-702/home/160424134,San Francisco MLS,423725701,N,Y,37.7880028,-122.4208442
MLS Listing,,Single Family Residential,883 39th Ave,San Francisco,CA,94121,1698888,4,2.5,San Francisco,2400,2247,1925,2,708,,Active,March-14-2023 11:00 AM,March-14-2023 01:00 PM,https://www.redfin.com/CA/San-Francisco/883-39th-Ave-94121/home/1860134,San Francisco MLS,423726509,N,Y,37.7722179,-122.4994586
MLS Listing,,Condo/Co-op,1590 Funston Ave,San Francisco,CA,94122,1599000,3,2.0,San Francisco,1750,1750,1946,2,914,,Active,,,https://www.redfin.com/CA/San-Francisco/1590-Funston-Ave-94122/home/184675806,San Francisco MLS,423725816,N,Y,37.7585021,-122.4700432
MLS Listing,,Multi-Family (2-4 Unit),349 - 351 Mississippi St,San Francisco,CA,94107,1800000,4,4.0,San Francisco,2076,2495,1900,2,867,,Active,,,https://www.redfin.com/CA/San-Francisco/349-Mississippi-St-94107/home/734151,San Francisco MLS,423718381,N,Y,37.7617651,-122.3942041
MLS Listing,,Condo/Co-op,1592 Funston Ave,San Francisco,CA,94122,1399000,2,2.5,San Francisco,1365,1750,1946,2,1025,,Active,,,https://www.redfin.com/CA/San-Francisco/1592-Funston-Ave-94122/home/184675805,San Francisco MLS,423725821,N,Y,37.7584679,-122.4701096
MLS Listing,,Single Family Residential,47 Arroyo Way,San Francisco,CA,94127,1499000,3,2.0,San Francisco,1411,2509,1948,2,1062,,Active,March-14-2023 01:00 PM,March-14-2023 03:00 PM,https://www.redfin.com/CA/San-Francisco/47-Arroyo-Way-94127/home/1661897,San Francisco MLS,423725311,N,Y,37.7386833,-122.4468468
MLS Listing,,Multi-Family (2-4 Unit),3969 - 3971 Cesar Chavez St,San Francisco,CA,94131,2195000,5,,San Francisco,3882,3419,1929,2,565,,Active,March-14-2023 12:00 PM,March-14-2023 02:00 PM,https://www.redfin.com/CA/San-Francisco/3969-Cesar-Chavez-St-94131/home/184675804,San Francisco MLS,423720180,N,Y,37.7473617,-122.4285004
MLS Listing,,Townhouse,3 Topaz Way,San Francisco,CA,94131,1580000,3,2.5,San Francisco,2087,4351,,2,757,350,Active,,,https://www.redfin.com/CA/San-Francisco/3-Topaz-Way-94131/home/11743387,San Francisco MLS,423726089,N,Y,37.7429201,-122.437838
MLS Listing,,Single Family Residential,124 Lily St,San Francisco,CA,94102,3595000,4,4.0,SAN FRANCISCO,2798,1394,2009,2,1285,,Active,,,https://www.redfin.com/CA/San-Francisco/124-Lily-St-94102/home/25675664,MLSListings,ML81921168,N,Y,37.7746049,-122.4230785
MLS Listing,,Condo/Co-op,188 Minna St Unit 37B,San Francisco,CA,94105,2600000,2,2.0,San Francisco,1639,33056,2005,3,1586,2747,Active,,,https://www.redfin.com/CA/San-Francisco/188-Minna-St-94105/unit-37B/home/22894750,San Francisco MLS,423726513,N,Y,37.7861799,-122.4012974
MLS Listing,,Condo/Co-op,601 4th St #206,San Francisco,CA,94107,950000,1,1.0,San Francisco,1125,42148,1916,3,844,610,Active,March-14-2023 09:00 AM,March-14-2023 11:00 AM,https://www.redfin.com/CA/San-Francisco/601-4th-St-94107/unit-206/home/12396419,San Francisco MLS,423726006,N,Y,37.778254,-122.3958876
MLS Listing,,Condo/Co-op,400 Beale St #2104,San Francisco,CA,94105,795000,1,1.0,San Francisco,832,27581,2001,3,956,1027,Active,,,https://www.redfin.com/CA/San-Francisco/400-Beale-St-94105/unit-2104/home/12399993,San Francisco MLS,423726506,N,Y,37.7870715,-122.3909973
MLS Listing,,Multi-Family (2-4 Unit),1165 - 1167 Kearny St,San Francisco,CA,94133,1288000,6,3.0,San Francisco,2008,1028,1913,3,641,,Active,,,https://www.redfin.com/CA/San-Francisco/1165-Kearny-St-94133/home/543927,San Francisco MLS,423723895,N,Y,37.7988296,-122.4057889
MLS Listing,,Single Family Residential,1170 Prague St,San Francisco,CA,94112,1499000,3,2.0,San Francisco,1953,7494,1946,3,768,,Active,,,https://www.redfin.com/CA/San-Francisco/1170-Prague-St-94112/home/888302,San Francisco MLS,423726411,N,Y,37.7101988,-122.439275
MLS Listing,,Condo/Co-op,260 King St #553,San Francisco,CA,94107,548000,1,1.0,San Francisco,556,213232,2004,3,986,826,Active,,,https://www.redfin.com/CA/San-Francisco/260-King-St-94107/unit-553/home/8191022,San Francisco MLS,423726007,N,Y,37.7776622,-122.3934514
MLS Listing,,Single Family Residential,932 Silliman St,San Francisco,CA,94134,1150000,3,2.5,San Francisco,1563,1999,1908,3,736,,Active,March-13-2023 04:30 PM,March-13-2023 06:00 PM,https://www.redfin.com/CA/San-Francisco/932-Silliman-St-94134/home/1829104,San Francisco MLS,423726355,N,Y,37.7289183,-122.414683
MLS Listing,,Single Family Residential,1210 Stanyan St,San Francisco,CA,94114,1595000,4,,San Francisco,3024,3497,1906,3,527,,Active,,,https://www.redfin.com/CA/San-Francisco/1210-Stanyan-St-94117/home/2010348,San Francisco MLS,423725372,N,Y,37.7617881,-122.4517884
MLS Listing,,Single Family Residential,416 Peninsula Ave,San Francisco,CA,94134,1088000,2,1.0,SAN FRANCISCO,960,3100,1929,3,1133,,Active,,,https://www.redfin.com/CA/San-Francisco/416-Peninsula-Ave-94134/home/2024931,MLSListings,ML81921107,N,Y,37.7104271,-122.3997155
MLS Listing,,Single Family Residential,1374 18th Ave,San Francisco,CA,94122,2195000,3,3.0,San Francisco,1910,2996,1916,3,1149,,Active,March-14-2023 01:00 PM,March-14-2023 03:00 PM,https://www.redfin.com/CA/San-Francisco/1374-18th-Ave-94122/home/963210,San Francisco MLS,423726108,N,Y,37.762275,-122.475632
MLS Listing,,Single Family Residential,72 Dawnview Way,San Francisco,CA,94131,1995000,3,3.0,San Francisco,1950,3092,1957,3,1023,,Active,March-14-2023 01:00 PM,March-14-2023 03:00 PM,https://www.redfin.com/CA/San-Francisco/72-Dawnview-Way-94131/home/1581920,San Francisco MLS,423723519,N,Y,37.7477674,-122.445817
MLS Listing,,Condo/Co-op,80 JENNINGS Ct,San Francisco,CA,94124,880000,3,2.0,SAN FRANCISCO,1212,1212,1995,3,726,,Active,,,https://www.redfin.com/CA/San-Francisco/80-Jennings-Ct-94124/home/1184720,MLSListings,ML81921079,N,Y,37.7171818,-122.3969986
MLS Listing,,Single Family Residential,170 Highland Ave,San Francisco,CA,94110,1649000,3,2.5,San Francisco,1881,2500,1900,3,877,,Active,,,https://www.redfin.com/CA/San-Francisco/170-Highland-Ave-94110/home/1379195,San Francisco MLS,423725976,N,Y,37.7371269,-122.4220277
MLS Listing,,Multi-Family (2-4 Unit),3227 - 3229 Broderick St,San Francisco,CA,94123,7995000,6,,San Francisco,4889,3438,1925,3,1635,,Active,,,https://www.redfin.com/CA/San-Francisco/3227-Broderick-St-94123/home/1610633,San Francisco MLS,423726270,N,Y,37.8001174,-122.4449455
MLS Listing,,Condo/Co-op,160 Gardenside Dr #401,San Francisco,CA,94131,749000,1,1.0,San Francisco,759,17471,1975,3,987,497,Active,March-14-2023 12:00 PM,March-14-2023 02:00 PM,https://www.redfin.com/CA/San-Francisco/160-Gardenside-Dr-94131/unit-401/home/1621022,San Francisco MLS,423726260,N,Y,37.7543069,-122.4444679
MLS Listing,,Single Family Residential,4641 Lincoln Way,San Francisco,CA,94122,1595000,2,2.0,San Francisco,2145,2495,1913,3,744,,Active,March-15-2023 04:00 PM,March-15-2023 06:00 PM,https://www.redfin.com/CA/San-Francisco/4641-Lincoln-Way-94122/home/2023902,San Francisco MLS,423726266,N,Y,37.7639056,-122.5079739
MLS Listing,,Condo/Co-op,298 Portola Dr #204,San Francisco,CA,94131,899000,2,2.0,SAN FRANCISCO,1144,21192,1996,3,786,706,Active,,,https://www.redfin.com/CA/San-Francisco/298-Portola-Dr-94131/unit-204/home/1800236,MLSListings,ML81921072,N,Y,37.7472934,-122.4446828
MLS Listing,,Condo/Co-op,1315 Laguna St #4,San Francisco,CA,94115,595000,2,1.0,San Francisco,850,114724,,3,700,920,Active,March-14-2023 11:00 AM,March-14-2023 01:00 PM,https://www.redfin.com/CA/San-Francisco/1315-Laguna-St-94115/unit-4/home/12401737,San Francisco MLS,423724916,N,Y,37.7832606,-122.4278085
MLS Listing,,Condo/Co-op,142 Russ St #4,San Francisco,CA,94103,1795000,3,2.5,San Francisco,2597,4979,1999,3,691,599,Active,March-14-2023 09:00 AM,March-14-2023 11:00 AM,https://www.redfin.com/CA/San-Francisco/142-Russ-St-94103/unit-4/home/12395794,San Francisco MLS,423725229,N,Y,37.7781561,-122.4078356
MLS Listing,,Single Family Residential,2379 47th Ave,San Francisco,CA,94116,995000,2,1.0,San Francisco,900,2996,1946,3,1106,,Active,,,https://www.redfin.com/CA/San-Francisco/2379-47th-Ave-94116/home/1493892,San Francisco MLS,423724969,N,Y,37.7421285,-122.5059369
MLS Listing,,Condo/Co-op,719 Larkin St #506,San Francisco,CA,94109,549000,1,1.0,San Francisco,688,6108,2019,3,798,610,Active,,,https://www.redfin.com/CA/San-Francisco/719-Larkin-St-94109/unit-506/home/168627734,San Francisco MLS,423724549,N,Y,37.7845263,-122.4180884
MLS Listing,,Condo/Co-op,225 Bay St #203,San Francisco,CA,94133,998000,2,2.0,San Francisco,850,5996,1979,3,1174,494,Active,,,https://www.redfin.com/CA/San-Francisco/225-Bay-St-94133/unit-203/home/146085371,San Francisco MLS,423726172,N,Y,37.805646,-122.411069
MLS Listing,,Condo/Co-op,1809 Gough St #101,San Francisco,CA,94109,2895000,3,3.5,San Francisco,3706,5330,1900,3,781,975,Active,,,https://www.redfin.com/CA/San-Francisco/1809-Gough-St-94109/unit-101/home/1426320,San Francisco MLS,423724095,N,Y,37.790449,-122.426012
MLS Listing,,Condo/Co-op,55 Elgin Park,San Francisco,CA,94103,1595000,2,2.0,San Francisco,1420,2040,1991,3,1123,372,Active,March-14-2023 12:00 PM,March-14-2023 02:00 PM,https://www.redfin.com/CA/San-Francisco/55-Elgin-Park-94103/home/177204885,San Francisco MLS,423724982,N,Y,37.770565,-122.4230992
MLS Listing,,Condo/Co-op,601 Van Ness Ave #40,San Francisco,CA,94102,869000,2,2.0,San Francisco,1004,105806,1982,3,866,1270,Active,,,https://www.redfin.com/CA/San-Francisco/601-Van-Ness-Ave-94102/unit-40/home/1898686,San Francisco MLS,423726243,N,Y,37.7811165,-122.4213309
MLS Listing,,Condo/Co-op,174 Langton St Unit B,San Francisco,CA,94103,598000,1,1.0,San Francisco,641,2000,1907,3,933,370,Active,March-18-2023 11:00 AM,March-18-2023 01:00 PM,https://www.redfin.com/CA/San-Francisco/174-Langton-St-94103/unit-B/home/167306712,San Francisco MLS,423726242,N,Y,37.7754147,-122.4073431
MLS Listing,,Single Family Residential,171 San Marcos Ave,San Francisco,CA,94116,3700000,4,4.0,San Francisco,3570,6586,1933,3,1036,101,Active,,,https://www.redfin.com/CA/San-Francisco/171-San-Marcos-Ave-94116/home/680229,San Francisco MLS,423715773,N,Y,37.7466932,-122.4651785
MLS Listing,,Single Family Residential,719 Brunswick St,San Francisco,CA,94112,999000,2,1.0,SAN FRANCISCO,1227,2661,1925,3,814,,Active,,,https://www.redfin.com/CA/San-Francisco/719-Brunswick-St-94112/home/1551341,MLSListings,ML81921028,N,Y,37.7087649,-122.4480619
MLS Listing,,Single Family Residential,601 Ortega St,San Francisco,CA,94122,3298888,3,3.5,San Francisco,3830,7226,1952,3,861,,Active,,,https://www.redfin.com/CA/San-Francisco/601-Ortega-St-94122/home/1765855,San Francisco MLS,423725771,N,Y,37.7544691,-122.4702974
MLS Listing,,Condo/Co-op,631 Folsom St Unit 11E,San Francisco,CA,94107,1075000,2,2.0,San Francisco,906,38089,2009,3,1187,994,Active,,,https://www.redfin.com/CA/San-Francisco/631-Folsom-St-94107/unit-11E/home/21965622,San Francisco MLS,423721962,N,Y,37.7847302,-122.3968612
MLS Listing,,Condo/Co-op,2200 Sacramento St #805,San Francisco,CA,94115,995000,1,2.0,San Francisco,828,17550,,3,1202,795,Active,,,https://www.redfin.com/CA/San-Francisco/2200-Sacramento-St-94115/unit-805/home/1153518,San Francisco MLS,423725930,N,Y,37.7906708,-122.4294715
MLS Listing,,Multi-Family (2-4 Unit),527 - 529 Birch St,San Francisco,CA,94102,1229000,4,2.0,San Francisco,2090,1114,,3,588,,Active,,,https://www.redfin.com/CA/San-Francisco/527-Birch-St-94102/home/12354040,San Francisco MLS,423724641,N,Y,37.7779088,-122.4254207
MLS Listing,,Single Family Residential,243 Paris St,San Francisco,CA,94112,1680000,4,4.0,San Francisco,2730,2500,1904,3,615,,Active,March-14-2023 02:00 PM,March-14-2023 04:00 PM,https://www.redfin.com/CA/San-Francisco/243-Paris-St-94112/home/1712330,San Francisco MLS,423724024,N,Y,37.7247435,-122.4324134
MLS Listing,,Condo/Co-op,1604 Church St #1,San Francisco,CA,94131,825000,2,1.0,San Francisco,866,2996,1962,4,953,400,Active,March-14-2023 12:00 PM,March-14-2023 02:00 PM,https://www.redfin.com/CA/San-Francisco/1604-Church-St-94131/unit-1/home/184666567,San Francisco MLS,422699890,N,Y,37.7450743,-122.4270947
MLS Listing,,Single Family Residential,2037 Revere Ave,San Francisco,CA,94124,925000,2,1.0,San Francisco,1005,1698,1950,4,920,,Active,,,https://www.redfin.com/CA/San-Francisco/2037-Revere-Ave-94124/home/915760,MetroList,423725183,N,Y,37.7360529,-122.3985536
MLS Listing,,Multi-Family (2-4 Unit),1258 - 1260 Chestnut St,San Francisco,CA,94109,2995000,6,4.0,San Francisco,4202,3713,1923,4,713,,Active,March-14-2023 09:00 AM,March-14-2023 11:00 AM,https://www.redfin.com/CA/San-Francisco/1258-Chestnut-St-94109/home/2020770,San Francisco MLS,423725098,N,Y,37.8026645,-122.4239659
MLS Listing,,Multi-Family (2-4 Unit),52 - 56 Langton St,San Francisco,CA,94103,3398000,14,5.0,San Francisco,3999,1873,1915,4,850,,Active,,,https://www.redfin.com/CA/San-Francisco/52-Langton-St-94103/home/718925,San Francisco MLS,423726137,N,Y,37.7767511,-122.4091996
MLS Listing,,Single Family Residential,1043 Plymouth Ave,San Francisco,CA,94112,1188000,2,1.0,San Francisco,1042,2809,1926,4,1140,,Active,,,https://www.redfin.com/CA/San-Francisco/1043-Plymouth-Ave-94112/home/1584616,San Francisco MLS,423725879,N,Y,37.720844,-122.4563773
MLS Listing,,Condo/Co-op,1001 California St #4,San Francisco,CA,94108,8700000,2,3.5,San Francisco,3752,4693,1914,4,2319,6389,Active,,,https://www.redfin.com/CA/San-Francisco/1001-California-St-94108/unit-4/home/114072350,San Francisco MLS,423723287,N,Y,37.7916054,-122.4110255
MLS Listing,,Single Family Residential,2666 18th Ave,San Francisco,CA,94116,1478000,2,2.0,SAN FRANCISCO,1250,3000,1936,4,1182,,Active,,,https://www.redfin.com/CA/San-Francisco/2666-18th-Ave-94116/home/1827510,MLSListings,ML81920960,N,Y,37.7381489,-122.4740342
MLS Listing,,Single Family Residential,618 Lisbon St,San Francisco,CA,94112,1195000,3,2.0,San Francisco,1272,3746,1908,4,939,,Active,,,https://www.redfin.com/CA/San-Francisco/618-Lisbon-St-94112/home/1720736,San Francisco MLS,423722784,N,Y,37.7186525,-122.4364256
MLS Listing,,Condo/Co-op,188 Minna St Unit 32C,San Francisco,CA,94105,2795000,2,2.5,San Francisco,1670,,2005,4,1674,3029,Active,,,https://www.redfin.com/CA/San-Francisco/188-Minna-St-94105/unit-32C/home/12330701,San Francisco MLS,423724128,N,Y,37.7861799,-122.4012974
MLS Listing,,Condo/Co-op,2865 Clay St #3,San Francisco,CA,94115,1795000,2,2.0,San Francisco,1221,3134,1988,4,1470,500,Active,,,https://www.redfin.com/CA/San-Francisco/2865-Clay-St-94115/unit-3/home/1667903,San Francisco MLS,423725499,N,Y,37.7897834,-122.440155
MLS Listing,,Multi-Family (5+ Unit),381 Turk St,San Francisco,CA,94109,5700000,0,,San Francisco,13957,6150,1915,4,408,,Active,,,https://www.redfin.com/CA/San-Francisco/381-Turk-St-94102/home/1594283,San Francisco MLS,423725546,N,Y,37.7823853,-122.4152921
MLS Listing,,Condo/Co-op,488 Folsom St #4204,San Francisco,CA,94105,2450000,2,2.5,San Francisco,1549,,2019,4,1582,1994,Active,,,https://www.redfin.com/CA/San-Francisco/488-Folsom-St-94105/unit-4204/home/169571692,San Francisco MLS,423725775,N,Y,37.7877451,-122.3945599
MLS Listing,,Multi-Family (5+ Unit),135 8th St,San Francisco,CA,94103,3598000,1,,San Francisco,5720,1430,1909,4,629,,Active,,,https://www.redfin.com/CA/San-Francisco/135-8th-St-94103/home/102546021,San Francisco MLS,423720058,N,Y,37.7772251,-122.4125126
MLS Listing,,Single Family Residential,247 - 249 Edna St,San Francisco,CA,94112,2699000,4,4.0,San Francisco,2913,2500,1931,4,927,,Active,,,https://www.redfin.com/CA/San-Francisco/247-Edna-St-94112/home/148077398,San Francisco MLS,423725553,N,Y,37.7289575,-122.4467815
MLS Listing,,Single Family Residential,763 45th Ave,San Francisco,CA,94121,1495000,2,2.0,San Francisco,1335,3000,1916,4,1120,,Active,March-14-2023 11:00 AM,March-14-2023 01:00 PM,https://www.redfin.com/CA/San-Francisco/763-45th-Ave-94121/home/1603160,San Francisco MLS,422711458,N,Y,37.7741421,-122.5060347
MLS Listing,,Condo/Co-op,24 Page St #3,San Francisco,CA,94102,1398000,2,2.5,San Francisco,1346,3300,1997,4,1039,454,Active,,,https://www.redfin.com/CA/San-Francisco/24-Page-St-94102/unit-3/home/579568,San Francisco MLS,423723872,N,Y,37.7744892,-122.4213973
MLS Listing,,Single Family Residential,564 Chenery St,San Francisco,CA,94131,1593000,3,2.0,San Francisco,1439,2500,1907,4,1107,,Active,,,https://www.redfin.com/CA/San-Francisco/564-Chenery-St-94131/home/1822151,San Francisco MLS,423725779,N,Y,37.7348747,-122.4315381
MLS Listing,,Single Family Residential,1363 Sanchez St,San Francisco,CA,94131,4795000,4,4.0,San Francisco,,2077,,4,,,Active,March-14-2023 12:00 PM,March-14-2023 02:00 PM,https://www.redfin.com/CA/San-Francisco/1363-Sanchez-St-94131/home/1085141,San Francisco MLS,423725574,N,Y,37.7473099,-122.4290358
MLS Listing,,Single Family Residential,355 Moscow St,San Francisco,CA,94112,1125000,3,1.5,San Francisco,1045,2500,1910,5,1077,,Active,,,https://www.redfin.com/CA/San-Francisco/355-Moscow-St-94112/home/1448281,BAREIS,423725873,N,Y,37.7218664,-122.4269608
MLS Listing,,Single Family Residential,286 Maynard St,San Francisco,CA,94112,1199999,3,2.0,San Francisco,1023,2750,1939,5,1173,,Active,,,https://www.redfin.com/CA/San-Francisco/286-Maynard-St-94112/home/1084457,BAREIS,423725849,N,Y,37.7293731,-122.4240977
MLS Listing,,Multi-Family (2-4 Unit),4527 Lincoln Way,San Francisco,CA,94122,2199999,7,5.0,San Francisco,3880,2495,1957,5,567,,Active,,,https://www.redfin.com/CA/San-Francisco/4527-Lincoln-Way-94122/home/1756823,"bridgeMLS, Bay East AOR, or Contra Costa AOR",41020612,N,Y,37.763883,-122.506622
MLS Listing,,Condo/Co-op,1333 Jones St #802,San Francisco,CA,94109,1695000,1,2.0,San Francisco,1231,,,5,1377,1814,Active,,,https://www.redfin.com/CA/San-Francisco/1333-Jones-St-94109/unit-802/home/12400407,San Francisco MLS,423723516,N,Y,37.7935882,-122.4149965
MLS Listing,,Single Family Residential,347 Hamilton St,San Francisco,CA,94134,875000,3,1.0,San Francisco,974,3000,1908,5,898,,Active,,,https://www.redfin.com/CA/San-Francisco/347-Hamilton-St-94134/home/1214191,BAREIS,423725587,N,Y,37.7267223,-122.409495
MLS Listing,,Condo/Co-op,199 New Montgomery St #1311,San Francisco,CA,94105,649000,0,1.0,San Francisco,412,12848,2004,5,1575,50,Active,,,https://www.redfin.com/CA/San-Francisco/199-New-Montgomery-St-94105/unit-1311/home/12401497,San Francisco MLS,423716638,N,Y,37.7866287,-122.3991624
MLS Listing,,Condo/Co-op,960 Market St #205,San Francisco,CA,94102,815000,1,1.0,San Francisco,663,,,5,1229,745,Active,,,https://www.redfin.com/CA/San-Francisco/960-Market-St-94102/unit-205/home/181661039,San Francisco MLS,423725648,N,Y,37.7831083,-122.4095258
MLS Listing,,Condo/Co-op,960 Market St #314,San Francisco,CA,94102,599000,0,1.0,San Francisco,567,,,5,1056,685,Active,,,https://www.redfin.com/CA/San-Francisco/960-Market-St-94102/unit-314/home/180677216,San Francisco MLS,423725647,N,Y,37.7831083,-122.4095258
MLS Listing,,Multi-Family (2-4 Unit),2631 - 2633 Leavenworth St,San Francisco,CA,94133,2299000,4,,San Francisco,2400,2012,1938,5,958,,Active,,,https://www.redfin.com/CA/San-Francisco/2631-Leavenworth-St-94133/home/184646443,San Francisco MLS,423725762,N,Y,37.8053908,-122.4188292
MLS Listing,,Multi-Family (2-4 Unit),32 Landers St,San Francisco,CA,94114,1295000,6,,San Francisco,2810,3123,1900,5,461,,Active,March-14-2023 12:00 PM,March-14-2023 02:00 PM,https://www.redfin.com/CA/San-Francisco/32-Landers-St-94114/home/184645966,San Francisco MLS,423725746,N,Y,37.7672324,-122.4280585
MLS Listing,,Multi-Family (2-4 Unit),1630 Hyde St,San Francisco,CA,94109-2638,4480000,8,3.0,Nob Hill,4830,2809,1904,5,928,,Active,,,https://www.redfin.com/CA/San-Francisco/1630-Hyde-St-94109/home/184109383,"bridgeMLS, Bay East AOR, or Contra Costa AOR",41020911,N,Y,37.795976,-122.418078
MLS Listing,,Multi-Family (5+ Unit),171 Langton St,San Francisco,CA,94103,2800000,0,,San Francisco,3312,1875,1915,5,845,,Active,,,https://www.redfin.com/CA/San-Francisco/171-Langton-St-94103/home/915228,San Francisco MLS,423723972,N,Y,37.7756181,-122.4072564
MLS Listing,,Condo/Co-op,201 Harrison St #912,San Francisco,CA,94105,448000,0,1.0,San Francisco,427,38449,1991,6,1049,612,Active,,,https://www.redfin.com/CA/San-Francisco/201-Harrison-St-94105/unit-912/home/1814450,San Francisco MLS,423725667,N,Y,37.7874798,-122.3905769
MLS Listing,,Condo/Co-op,181 Fremont Unit 67C,San Francisco,CA,94105,5400000,2,2.5,San Francisco,1748,,2018,6,3089,3511,Active,,,https://www.redfin.com/CA/San-Francisco/181-Fremont-St-94105/unit-67C/home/167299508,San Francisco MLS,423725632,N,Y,37.7896113,-122.3954593
MLS Listing,,Condo/Co-op,245 5th St #201,San Francisco,CA,94103,899000,2,1.0,San Francisco,1131,21547,1996,6,795,649,Active,,,https://www.redfin.com/CA/San-Francisco/245-5th-St-94103/unit-201/home/1645891,San Francisco MLS,423725447,N,Y,37.7812976,-122.4038271
MLS Listing,,Condo/Co-op,840 Powell St #501,San Francisco,CA,94108,3250000,4,3.5,San Francisco,3083,12703,1914,6,1054,2347,Active,,,https://www.redfin.com/CA/San-Francisco/840-Powell-St-94108/unit-501/home/1187789,San Francisco MLS,423724442,N,Y,37.792664,-122.4090746
MLS Listing,,Condo/Co-op,55 Page St #411,San Francisco,CA,94102,699000,1,1.0,San Francisco,646,25801,2008,6,1082,558,Active,March-14-2023 11:00 AM,March-14-2023 01:00 PM,https://www.redfin.com/CA/San-Francisco/55-Page-St-94102/unit-411/home/17306373,San Francisco MLS,423725208,N,Y,37.7737829,-122.4218176
MLS Listing,,Condo/Co-op,1451 Montgomery St #8,San Francisco,CA,94133,2149000,2,2.0,San Francisco,1290,5378,1975,6,1666,579,Active,,,https://www.redfin.com/CA/San-Francisco/1451-Montgomery-St-94133/unit-8/home/1490444,San Francisco MLS,423725479,N,Y,37.8026699,-122.4049528
MLS Listing,,Single Family Residential,2400 Green St,San Francisco,CA,94123,6300000,4,4.5,San Francisco,4630,1424,1926,6,1361,,Active,,,https://www.redfin.com/CA/San-Francisco/2400-Green-St-94123/home/559625,San Francisco MLS,423724854,N,Y,37.7958836,-122.438788
MLS Listing,,Condo/Co-op,219 Brannan St Unit 18D,San Francisco,CA,94107,3495000,3,3.0,San Francisco,2005,82966,2000,6,1743,1571,Active,,,https://www.redfin.com/CA/San-Francisco/219-Brannan-St-94107/unit-18D/home/1206492,San Francisco MLS,423722687,N,Y,37.782856,-122.390344
MLS Listing,,Single Family Residential,2601 Lyon St,San Francisco,CA,94123,8900000,4,3.5,San Francisco,4554,4599,1923,6,1954,,Active,,,https://www.redfin.com/CA/San-Francisco/2601-Lyon-St-94123/home/585851,San Francisco MLS,423723306,N,Y,37.7946947,-122.447
MLS Listing,,Condo/Co-op,1701 Broadway St #3,San Francisco,CA,94109,1850000,2,2.0,San Francisco,1825,4209,1905,6,1014,784,Active,March-14-2023 10:00 AM,March-14-2023 12:00 PM,https://www.redfin.com/CA/San-Francisco/1701-Broadway-94109/unit-3/home/1755212,San Francisco MLS,423721622,N,Y,37.7953429,-122.425534
MLS Listing,,Condo/Co-op,835 Douglass St,San Francisco,CA,94114,2100000,4,3.0,San Francisco,1844,2500,1908,6,1139,,Active,,,https://www.redfin.com/CA/San-Francisco/835-Douglass-St-94114/home/40457270,San Francisco MLS,423719013,N,Y,37.7504821,-122.4381277
MLS Listing,,Condo/Co-op,555 Fulton St #214,San Francisco,CA,94102,955000,1,1.0,San Francisco,,44000,2020,6,,697,Active,March-14-2023 11:00 AM,March-14-2023 01:00 PM,https://www.redfin.com/CA/San-Francisco/555-Fulton-St-94102/unit-214/home/173271783,San Francisco MLS,423724309,N,Y,37.7781581,-122.4261091
MLS Listing,,Single Family Residential,246 Casitas Ave,San Francisco,CA,94127,3195000,4,3.0,San Francisco,3364,7836,1953,6,950,,Active,,,https://www.redfin.com/CA/San-Francisco/246-Casitas-Ave-94127/home/1820234,San Francisco MLS,423725207,N,Y,37.7366672,-122.46059
MLS Listing,,Condo/Co-op,1720 Clay St #1,San Francisco,CA,94109,825000,1,1.0,San Francisco,785,,2000,6,1051,689,Active,,,https://www.redfin.com/CA/San-Francisco/1720-Clay-St-94109/unit-1/home/899620,San Francisco MLS,423724036,N,Y,37.792541,-122.4216283
MLS Listing,,Condo/Co-op,787 Arguello Blvd,San Francisco,CA,94118,1650000,3,1.0,San Francisco,1558,2362,1905,7,1059,375,Active,March-19-2023 02:00 PM,March-19-2023 04:00 PM,https://www.redfin.com/CA/San-Francisco/787-Arguello-Blvd-94118/home/1999980,San Francisco MLS,423725480,N,Y,37.775881,-122.458823
MLS Listing,,Multi-Family (2-4 Unit),731 - 733 Capp St,San Francisco,CA,94110,1595000,5,2.0,San Francisco,3488,3062,1900,7,457,,Active,,,https://www.redfin.com/CA/San-Francisco/731-Capp-St-94110/home/1985743,San Francisco MLS,423725460,N,Y,37.7546864,-122.4172625
MLS Listing,,Multi-Family (5+ Unit),1471 48th Ave,San Francisco,CA,94122,1500000,0,,San Francisco,4554,2996,1965,7,329,,Active,,,https://www.redfin.com/CA/San-Francisco/1471-48th-Ave-94122/home/631752,San Francisco MLS,423724183,N,Y,37.7590414,-122.5083244
MLS Listing,,Condo/Co-op,201 Folsom St Unit 12F,San Francisco,CA,94105,1350000,2,2.0,San Francisco,1191,75406,2016,7,1134,1251,Active,,,https://www.redfin.com/CA/San-Francisco/201-Folsom-St-94105/unit-12F/home/144064114,San Francisco MLS,422713360,N,Y,37.7886725,-122.3918619
MLS Listing,,Single Family Residential,2463 47th Ave,San Francisco,CA,94116,1195000,4,2.0,San Francisco,2085,3000,,7,573,,Active,March-14-2023 01:00 PM,March-14-2023 03:00 PM,https://www.redfin.com/CA/San-Francisco/2463-47th-Ave-94116/home/1052742,San Francisco MLS,423721103,N,Y,37.7405539,-122.5058401
MLS Listing,,Condo/Co-op,888 7th St #120,San Francisco,CA,94107,510026,3,2.0,San Francisco,1111,95280,2007,7,459,539,Active,March-18-2023 12:00 PM,March-18-2023 02:00 PM,https://www.redfin.com/CA/San-Francisco/888-7th-St-94107/unit-120/home/17306441,San Francisco MLS,423716250,N,Y,37.7705534,-122.4004057
MLS Listing,,Single Family Residential,2646 16th Ave,San Francisco,CA,94116,1349000,2,1.5,San Francisco,1250,3184,1940,7,1079,,Active,,,https://www.redfin.com/CA/San-Francisco/2646-16th-Ave-94116/home/668032,San Francisco MLS,423723879,N,Y,37.7386095,-122.4718861
MLS Listing,,Single Family Residential,736 Excelsior Ave,San Francisco,CA,94112,799000,2,1.0,SAN FRANCISCO,1019,1245,1926,8,784,,Active,,,https://www.redfin.com/CA/San-Francisco/736-Excelsior-Ave-94112/home/1318451,MLSListings,ML81920623,N,Y,37.723171,-122.427563
MLS Listing,,Multi-Family (2-4 Unit),1652 Palou Ave,San Francisco,CA,94124,1288000,4,3.0,San Francisco,3096,2500,1928,8,416,,Active,,,https://www.redfin.com/CA/San-Francisco/1652-Palou-Ave-94124/home/745463,San Francisco MLS,423719878,N,Y,37.7347843,-122.3919176
MLS Listing,,Condo/Co-op,38 Belcher St #3,San Francisco,CA,94114,995000,2,1.0,San Francisco,775,3136,1977,8,1284,432,Active,,,https://www.redfin.com/CA/San-Francisco/38-Belcher-St-94114/unit-3/home/12277211,BAREIS,423719969,N,Y,37.7686744,-122.4303784
MLS Listing,,Condo/Co-op,1320 Scott St Unit B,San Francisco,CA,94115,568000,1,1.0,San Francisco,646,,1986,8,879,638,Active,,,https://www.redfin.com/CA/San-Francisco/1320-Scott-St-94115/unit-B/home/182326134,"bridgeMLS, Bay East AOR, or Contra Costa AOR",41020608,N,Y,37.782082,-122.4373681
MLS Listing,,Single Family Residential,1682 46th Ave,San Francisco,CA,94122,998000,2,1.0,San Francisco,925,2063,1941,8,1079,,Active,,,https://www.redfin.com/CA/San-Francisco/1682-46th-Ave-94122/home/1453161,San Francisco MLS,423725144,N,Y,37.755186,-122.5053385
MLS Listing,,Condo/Co-op,1268 Lombard St #4,San Francisco,CA,94109,3295000,2,2.0,San Francisco,1425,4261,2013,8,2312,709,Active,,,https://www.redfin.com/CA/San-Francisco/1268-Lombard-St-94109/unit-4/home/69054896,San Francisco MLS,423718723,N,Y,37.8018501,-122.4224317
MLS Listing,,Condo/Co-op,10 Innes Ct #208,San Francisco,CA,94124,675000,1,1.0,San Francisco,736,,2018,9,917,532,Active,,,https://www.redfin.com/CA/San-Francisco/10-Innes-Ct-94124/unit-208/home/169576567,"bridgeMLS, Bay East AOR, or Contra Costa AOR",41020750,N,Y,37.7280682,-122.3679965
MLS Listing,,Condo/Co-op,566 South Van Ness Ave #5,San Francisco,CA,94110,598000,1,1.0,San Francisco,491,12255,2007,9,1218,592,Active,,,https://www.redfin.com/CA/San-Francisco/566-S-Van-Ness-Ave-94110/unit-5/home/17306310,San Francisco MLS,423725074,N,Y,37.7639953,-122.4176979
MLS Listing,,Single Family Residential,2444 Taraval St,San Francisco,CA,94116,1299000,2,1.0,San Francisco,,2495,1923,9,,,Active,,,https://www.redfin.com/CA/San-Francisco/2444-Taraval-St-94116/home/1428584,San Francisco MLS,423723847,N,Y,37.7425137,-122.4926057
MLS Listing,,Multi-Family (5+ Unit),1645 Golden Gate Ave,San Francisco,CA,94115,2200000,0,,San Francisco,,3436,,9,,,Active,,,https://www.redfin.com/CA/San-Francisco/1645-Golden-Gate-Ave-94115/home/1492288,San Francisco MLS,423724798,N,Y,37.7786811,-122.4375832
MLS Listing,,Condo/Co-op,1719 Baker St,San Francisco,CA,94115,1099000,2,2.0,San Francisco,1030,1375,1890,9,1067,180,Active,,,https://www.redfin.com/CA/San-Francisco/1719-Baker-St-94115/home/28935675,San Francisco MLS,423724934,N,Y,37.7873065,-122.4438517
MLS Listing,,Single Family Residential,219 Bocana St,San Francisco,CA,94110,950000,2,1.0,San Francisco,875,1245,1906,9,1086,,Active,,,https://www.redfin.com/CA/San-Francisco/219-Bocana-St-94110/home/1132706,San Francisco MLS,423724259,N,Y,37.7401558,-122.4178688
MLS Listing,,Condo/Co-op,388 Townsend St #1,San Francisco,CA,94107,925000,2,3.0,San Francisco,1373,10856,1999,9,674,473,Active,,,https://www.redfin.com/CA/San-Francisco/388-Townsend-St-94107/unit-1/home/12396244,San Francisco MLS,423720501,N,Y,37.7758901,-122.3970382
MLS Listing,,Condo/Co-op,260 King St #647,San Francisco,CA,94107,599000,1,1.0,San Francisco,689,213232,2004,9,869,800,Active,,,https://www.redfin.com/CA/San-Francisco/260-King-St-94107/unit-647/home/22889372,San Francisco MLS,423722698,N,Y,37.7776622,-122.3934514
MLS Listing,,Multi-Family (2-4 Unit),1855 - 1857 Pine St,San Francisco,CA,94109,2995000,7,3.0,San Francisco,3975,1831,1900,9,753,,Active,,,https://www.redfin.com/CA/San-Francisco/1855-Pine-St-94109/home/570433,San Francisco MLS,423725151,N,Y,37.7886915,-122.4262853
MLS Listing,,Townhouse,4150 17th St #18,San Francisco,CA,94114,1895000,2,3.0,San Francisco,1807,45620,1994,9,1049,795,Active,,,https://www.redfin.com/CA/San-Francisco/4150-17th-St-94114/unit-18/home/1867644,San Francisco MLS,423717027,N,Y,37.7627772,-122.4385385
MLS Listing,,Condo/Co-op,195 Jersey St,San Francisco,CA,94114,1199000,2,1.0,San Francisco,870,3238,1900,9,1378,491,Active,,,https://www.redfin.com/CA/San-Francisco/195-Jersey-St-94114/home/799417,San Francisco MLS,423725046,N,Y,37.7506026,-122.4293269
MLS Listing,,Condo/Co-op,1840 Washington St #501,San Francisco,CA,94109,1295000,2,2.0,San Francisco,1000,7023,2012,9,1295,644,Active,March-14-2023 10:00 AM,March-14-2023 12:00 PM,https://www.redfin.com/CA/San-Francisco/1840-Washington-St-94109/unit-501/home/52059169,San Francisco MLS,423724349,N,Y,37.7931588,-122.423771
MLS Listing,,Condo/Co-op,66 Cleary Ct #105,San Francisco,CA,94109,1198000,3,2.0,San Francisco,1310,65376,1963,9,915,1129,Active,,,https://www.redfin.com/CA/San-Francisco/66-Cleary-Ct-94109/unit-105/home/574391,San Francisco MLS,423724778,N,Y,37.7841279,-122.4273921
MLS Listing,,Condo/Co-op,260 King St #575,San Francisco,CA,94107,725000,1,1.0,SAN FRANCISCO,908,,2004,9,798,882,Active,,,https://www.redfin.com/CA/San-Francisco/260-King-St-94107/unit-575/home/12331155,MLSListings,ML81919921,N,Y,37.7776622,-122.3934514
MLS Listing,,Condo/Co-op,1150 Lombard St #24,San Francisco,CA,94109,1780000,2,2.0,San Francisco,1326,50192,1990,9,1342,1913,Active,,,https://www.redfin.com/CA/San-Francisco/1150-Lombard-St-94109/unit-24/home/1633368,San Francisco MLS,423720286,N,Y,37.8021712,-122.4207557
MLS Listing,,Condo/Co-op,2701 Van Ness Ave #601,San Francisco,CA,94109,999000,1,1.0,San Francisco,979,11915,1929,9,1020,760,Active,,,https://www.redfin.com/CA/San-Francisco/2701-Van-Ness-Ave-94109/unit-601/home/2010052,San Francisco MLS,423725117,N,Y,37.8005198,-122.4249146
MLS Listing,,Condo/Co-op,3354 20th St #101,San Francisco,CA,94110,1650000,3,3.5,San Francisco,1760,4513,2008,9,938,490,Active,,,https://www.redfin.com/CA/San-Francisco/3354-20th-St-94110/unit-101/home/12302826,San Francisco MLS,423725047,N,Y,37.7590373,-122.4159551
MLS Listing,,Condo/Co-op,1788 Clay St #205,San Francisco,CA,94109,890000,1,1.0,San Francisco,764,25662,2014,9,1165,784,Active,,,https://www.redfin.com/CA/San-Francisco/1788-Clay-St-94109/unit-205/home/108422754,San Francisco MLS,423725089,N,Y,37.7924083,-122.4222732
MLS Listing,,Condo/Co-op,1000 Franklin St #403,San Francisco,CA,94109,599000,1,1.0,San Francisco,649,13200,1980,9,923,402,Active,,,https://www.redfin.com/CA/San-Francisco/1000-Franklin-St-94109/unit-403/home/184609533,San Francisco MLS,423722358,N,Y,37.7839122,-122.4223985
MLS Listing,,Condo/Co-op,3519 21st St,San Francisco,CA,94114,1200000,2,1.0,San Francisco,1217,2336,1907,9,986,418,Active,,,https://www.redfin.com/CA/San-Francisco/3519-21st-St-94114/home/23424234,San Francisco MLS,423724981,N,Y,37.756402,-122.426181
MLS Listing,,Condo/Co-op,32 Prescott Ct,San Francisco,CA,94133,1395000,2,2.0,San Francisco,,,,9,,423,Active,,,https://www.redfin.com/CA/San-Francisco/32-Prescott-Ct-94133/home/45393052,San Francisco MLS,422704789,N,Y,37.7988689,-122.4030754
MLS Listing,,Single Family Residential,20 North 25th Ave,San Francisco,CA,94121,6500000,5,3.5,San Francisco,3344,4547,1955,9,1944,,Active,,,https://www.redfin.com/CA/San-Francisco/20-25th-Ave-94121/home/604244,San Francisco MLS,423724917,N,Y,37.7893823,-122.4851775
MLS Listing,,Condo/Co-op,41 Delmar St,San Francisco,CA,94117,1695000,2,2.5,San Francisco,1584,1969,1904,9,1070,400,Active,,,https://www.redfin.com/CA/San-Francisco/41-Delmar-St-94117/home/860547,San Francisco MLS,423724832,N,Y,37.7683808,-122.445983
MLS Listing,,Multi-Family (2-4 Unit),7 Langton St,San Francisco,CA,94103,2495000,9,1.0,San Francisco,3889,3998,1915,9,642,,Active,,,https://www.redfin.com/CA/San-Francisco/7-Langton-St-94103/home/184607842,San Francisco MLS,423725029,N,Y,37.7773411,-122.4094005
MLS Listing,,Single Family Residential,137 Sickles Ave,San Francisco,CA,94112,1095000,4,2.5,San Francisco,2024,1999,1922,9,541,,Active,,,https://www.redfin.com/CA/San-Francisco/137-Sickles-Ave-94112/home/2009534,San Francisco MLS,423724822,N,Y,37.7094562,-122.453893
MLS Listing,,Condo/Co-op,74 New Montgomery St #609,San Francisco,CA,94105,699000,1,1.0,San Francisco,,17865,1914,9,,948,Active,,,https://www.redfin.com/CA/San-Francisco/74-New-Montgomery-St-94105/unit-609/home/17305033,San Francisco MLS,423724640,N,Y,37.7874649,-122.4012865
MLS Listing,,Condo/Co-op,425 1st St #3403,San Francisco,CA,94105,1945000,2,2.0,San Francisco,1278,56024,2008,9,1522,1278,Active,March-19-2023 02:00 PM,March-19-2023 04:00 PM,https://www.redfin.com/CA/San-Francisco/425-1st-St-94105/unit-3403/home/17305176,San Francisco MLS,423716069,N,Y,37.7857365,-122.3921923
MLS Listing,,Condo/Co-op,207 Diamond Cove Ter,San Francisco,CA,94134,875000,2,2.5,San Francisco,1390,8665,2012,9,629,426,Active,,,https://www.redfin.com/CA/San-Francisco/207-Diamond-Cove-Ter-94134/home/52055533,San Francisco MLS,423722658,N,Y,37.7127976,-122.3935833
MLS Listing,,Single Family Residential,481 36th Ave,San Francisco,CA,94121,3480000,4,5.5,San Francisco,3396,2696,1918,9,1025,,Active,,,https://www.redfin.com/CA/San-Francisco/481-36th-Ave-94121/home/2018538,San Francisco MLS,423722723,N,Y,37.7799323,-122.4967617
MLS Listing,,Condo/Co-op,300 3rd St #503,San Francisco,CA,94107,525000,0,1.0,San Francisco,478,48941,1990,9,1098,610,Active,,,https://www.redfin.com/CA/San-Francisco/300-3rd-St-94107/unit-503/home/1800992,San Francisco MLS,423724570,N,Y,37.7831834,-122.3991177
MLS Listing,,Single Family Residential,145 Santa Rosa Ave,San Francisco,CA,94112,1495000,3,1.5,San Francisco,1895,2495,1925,9,789,,Active,,,https://www.redfin.com/CA/San-Francisco/145-Santa-Rosa-Ave-94112/home/695879,San Francisco MLS,423722563,N,Y,37.7271405,-122.4371203
MLS Listing,,Condo/Co-op,1310 Minnesota St #204,San Francisco,CA,94107,899000,1,2.0,San Francisco,932,9201,2002,9,965,728,Active,,,https://www.redfin.com/CA/San-Francisco/1310-Minnesota-St-94107/unit-204/home/148059751,San Francisco MLS,423723606,N,Y,37.7534708,-122.3897139
MLS Listing,,Single Family Residential,166 Hearst Ave,San Francisco,CA,94131,1395000,3,1.0,San Francisco,1655,2813,1927,9,843,,Active,,,https://www.redfin.com/CA/San-Francisco/166-Hearst-Ave-94131/home/1607400,San Francisco MLS,423724599,N,Y,37.7309108,-122.4412719
MLS Listing,,Condo/Co-op,74 New Montgomery St #701,San Francisco,CA,94105,1450000,2,2.0,San Francisco,1203,17865,1914,9,1205,1175,Active,,,https://www.redfin.com/CA/San-Francisco/74-New-Montgomery-St-94105/unit-701/home/17305105,San Francisco MLS,423724645,N,Y,37.7874649,-122.4012865
MLS Listing,,Condo/Co-op,1237 Chestnut St #4,San Francisco,CA,94109,1325000,2,2.0,San Francisco,1248,3336,1923,9,1062,425,Active,,,https://www.redfin.com/CA/San-Francisco/1237-Chestnut-St-94109/unit-4/home/560564,San Francisco MLS,423721815,N,Y,37.8022533,-122.4237729
MLS Listing,,Condo/Co-op,855 La Playa St #154,San Francisco,CA,94121,624900,1,1.0,San Francisco,661,36683,1982,10,945,885,Active,,,https://www.redfin.com/CA/San-Francisco/855-La-Playa-St-94121/unit-154/home/1756818,San Francisco MLS,423724703,N,Y,37.7722402,-122.5101792
MLS Listing,,Condo/Co-op,199 New Montgomery St #604,San Francisco,CA,94105,825000,1,1.0,San Francisco,779,12848,2004,10,1059,713,Active,,,https://www.redfin.com/CA/San-Francisco/199-New-Montgomery-St-94105/unit-604/home/12401502,San Francisco MLS,423724109,N,Y,37.7866287,-122.3991624
MLS Listing,,Condo/Co-op,301 Mission St Unit 14B,San Francisco,CA,94105,599000,1,1.0,San Francisco,668,50667,2009,10,897,1505,Active,,,https://www.redfin.com/CA/San-Francisco/301-Mission-St-94105/unit-14B/home/40142412,San Francisco MLS,423724993,N,Y,37.7903824,-122.3961531
MLS Listing,,Single Family Residential,223 Theresa St,San Francisco,CA,94112,1799000,4,3.0,San Francisco,2000,2500,1953,10,900,,Active,,,https://www.redfin.com/CA/San-Francisco/223-Theresa-St-94112/home/1186231,San Francisco MLS,423724980,N,Y,37.7296787,-122.435864
MLS Listing,,Single Family Residential,2331 30th Ave,San Francisco,CA,94116,1189000,3,1.0,San Francisco,1286,2996,1926,10,925,,Active,,,https://www.redfin.com/CA/San-Francisco/2331-30th-Ave-94116/home/657606,San Francisco MLS,423724383,N,Y,37.7437666,-122.4878598
MLS Listing,,Condo/Co-op,1310 Minnesota St #302,San Francisco,CA,94107,950000,2,2.0,San Francisco,965,9201,2002,10,984,691,Active,,,https://www.redfin.com/CA/San-Francisco/1310-Minnesota-St-94107/unit-302/home/148058744,San Francisco MLS,423724879,N,Y,37.7534708,-122.3897139
MLS Listing,,Single Family Residential,835 Alabama St,San Francisco,CA,94110,1995000,4,2.0,SAN FRANCISCO,1623,3000,1900,10,1229,,Active,,,https://www.redfin.com/CA/San-Francisco/835-Alabama-St-94110/home/729970,MLSListings,ML81920431,N,Y,37.7584784,-122.4113534
MLS Listing,,Condo/Co-op,1201 Sutter St #311,San Francisco,CA,94109,549000,1,1.0,San Francisco,,8245,2021,10,,214,Active,,,https://www.redfin.com/CA/San-Francisco/1201-Sutter-St-94109/unit-311/home/183872096,San Francisco MLS,423724780,N,Y,37.7876407,-122.4202681
MLS Listing,,Condo/Co-op,74 New Montgomery St #412,San Francisco,CA,94105,799000,1,1.0,San Francisco,832,17865,1914,10,960,1002,Active,,,https://www.redfin.com/CA/San-Francisco/74-New-Montgomery-St-94105/unit-412/home/17305039,San Francisco MLS,423718418,N,Y,37.7874649,-122.4012865
MLS Listing,,Condo/Co-op,1201 Sutter St #303,San Francisco,CA,94109,499000,1,1.0,San Francisco,,8245,2021,10,,201,Active,,,https://www.redfin.com/CA/San-Francisco/1201-Sutter-St-94109/unit-303/home/184601272,San Francisco MLS,423724779,N,Y,37.7876407,-122.4202681
MLS Listing,,Condo/Co-op,1811 Turk Blvd #101,San Francisco,CA,94115,1557000,2,2.0,San Francisco,1230,6187,2017,10,1266,690,Active,,,https://www.redfin.com/CA/San-Francisco/1811-Turk-St-94115/unit-101/home/113069671,San Francisco MLS,423724855,N,Y,37.7793818,-122.4392368
MLS Listing,,Condo/Co-op,830 Cole St,San Francisco,CA,94117,1995000,3,2.0,San Francisco,2020,3275,1909,10,988,375,Active,,,https://www.redfin.com/CA/San-Francisco/830-Cole-St-94117/home/1275296,San Francisco MLS,423724864,N,Y,37.766345,-122.449718
MLS Listing,,Single Family Residential,1491 21st Ave,San Francisco,CA,94122,1699000,4,2.0,San Francisco,2396,2374,1925,10,709,,Active,,,https://www.redfin.com/CA/San-Francisco/1491-21st-Ave-94122/home/630574,San Francisco MLS,423724885,N,Y,37.7599404,-122.4792965
MLS Listing,,Condo/Co-op,1716 Larkin St,San Francisco,CA,94109,1195000,3,1.5,San Francisco,1227,2495,1909,10,974,400,Active,,,https://www.redfin.com/CA/San-Francisco/1716-Larkin-St-94109/home/28890257,San Francisco MLS,423721965,N,Y,37.7937757,-122.4194243
MLS Listing,,Single Family Residential,142 Jules Ave,San Francisco,CA,94112,1495000,3,2.0,San Francisco,1518,2809,1925,10,985,,Active,,,https://www.redfin.com/CA/San-Francisco/142-Jules-Ave-94112/home/958112,San Francisco MLS,423724644,N,Y,37.7207933,-122.460988
MLS Listing,,Condo/Co-op,601 Van Ness Ave #825,San Francisco,CA,94102,720000,2,2.0,San Francisco,882,105806,1982,10,816,1170,Active,,,https://www.redfin.com/CA/San-Francisco/601-Van-Ness-Ave-94102/unit-825/home/891615,San Francisco MLS,423723028,N,Y,37.7811165,-122.4213309
MLS Listing,,Single Family Residential,3966-8 18Th St,San Francisco,CA,94114,2499000,4,2.0,Noe Valley,3550,2848,1931,10,704,,Active,,,https://www.redfin.com/CA/San-Francisco/3966-18th-St-94114/home/184599574,"bridgeMLS, Bay East AOR, or Contra Costa AOR",41020562,N,Y,37.7613098,-122.4320758
MLS Listing,,Single Family Residential,115 Crown Ter,San Francisco,CA,94114,3395000,4,2.5,San Francisco,3525,3127,1999,10,963,,Active,,,https://www.redfin.com/CA/San-Francisco/115-Crown-Ter-94114/home/1462620,San Francisco MLS,423724312,N,Y,37.7578102,-122.4470556
MLS Listing,,Condo/Co-op,1132 Pine St,San Francisco,CA,94109,1649000,2,2.5,San Francisco,2095,3438,1911,10,787,670,Active,,,https://www.redfin.com/CA/San-Francisco/1132-Pine-St-94109/home/551817,San Francisco MLS,423723369,N,Y,37.7906303,-122.4145392
MLS Listing,,Condo/Co-op,1735 Grove St,San Francisco,CA,94117,1450000,2,1.5,San Francisco,,3705,1913,10,,250,Active,,,https://www.redfin.com/CA/San-Francisco/1735-Grove-St-94117/home/850406,San Francisco MLS,423720992,N,Y,37.7749215,-122.4451344
MLS Listing,,Single Family Residential,520 Vicente St,San Francisco,CA,94116,1750000,3,2.0,San Francisco,2050,3660,1928,10,854,,Active,,,https://www.redfin.com/CA/San-Francisco/520-Vicente-St-94116/home/884685,San Francisco MLS,423723066,N,Y,37.7396743,-122.4727076
MLS Listing,,Single Family Residential,1777 Eucalyptus Dr,San Francisco,CA,94132,1795000,3,3.0,San Francisco,1975,3724,1950,10,909,,Active,,,https://www.redfin.com/CA/San-Francisco/1777-Eucalyptus-Dr-94132/home/1441023,San Francisco MLS,423724008,N,Y,37.7306786,-122.4906231
MLS Listing,,Single Family Residential,45 Alton Ave,San Francisco,CA,94116,2695000,4,2.0,San Francisco,2492,4626,1931,10,1081,71,Active,March-14-2023 01:00 PM,March-14-2023 03:00 PM,https://www.redfin.com/CA/San-Francisco/45-Alton-Ave-94116/home/1156612,San Francisco MLS,423719917,N,Y,37.7499882,-122.4626687
MLS Listing,,Single Family Residential,44 San Antonio Pl,San Francisco,CA,94133,3644000,5,3.0,San Francisco,2684,1716,1955,10,1358,,Active,,,https://www.redfin.com/CA/San-Francisco/44-San-Antonio-Pl-94133/home/1107837,San Francisco MLS,423724753,N,Y,37.7994981,-122.4061984
MLS Listing,,Condo/Co-op,212 Lexington St,San Francisco,CA,94110,978000,3,1.5,San Francisco,1140,2548,1907,10,858,359,Active,,,https://www.redfin.com/CA/San-Francisco/212-Lexington-St-94110/home/28511698,San Francisco MLS,423721376,N,Y,37.7599118,-122.4207831
MLS Listing,,Multi-Family (2-4 Unit),48 - 50 Divisadero St,San Francisco,CA,94117,2050000,7,3.5,San Francisco,4370,2430,1907,10,469,,Active,March-14-2023 12:00 PM,March-14-2023 02:00 PM,https://www.redfin.com/CA/San-Francisco/48-Divisadero-St-94117/home/184595534,San Francisco MLS,422711159,N,Y,37.7681067,-122.4362942
MLS Listing,,Condo/Co-op,88 Townsend St #212,San Francisco,CA,94107,749000,1,1.0,San Francisco,,37623,2004,10,,598,Active,March-14-2023 10:00 AM,March-14-2023 11:00 AM,https://www.redfin.com/CA/San-Francisco/88-Townsend-St-94107/unit-212/home/12401567,San Francisco MLS,423720236,N,Y,37.78107,-122.390418
MLS Listing,,Condo/Co-op,68 Harriet St #14,San Francisco,CA,94103,1300000,2,2.5,San Francisco,1420,6664,2003,10,915,702,Active,,,https://www.redfin.com/CA/San-Francisco/68-Harriet-St-94103/unit-14/home/2072450,San Francisco MLS,423721200,N,Y,37.778491,-122.4067926
MLS Listing,,Single Family Residential,1888 20th Ave,San Francisco,CA,94122,1250000,2,2.0,SAN FRANCISCO,1472,1128,1941,10,849,,Active,,,https://www.redfin.com/CA/San-Francisco/1888-20th-Ave-94122/home/2000244,MLSListings,ML81919298,N,Y,37.7525778,-122.4772549
MLS Listing,,Condo/Co-op,650 Turk St #402,San Francisco,CA,94102,799000,1,1.0,San Francisco,706,15582,2008,10,1132,753,Active,,,https://www.redfin.com/CA/San-Francisco/650-Turk-St-94102/unit-402/home/22893781,San Francisco MLS,423718322,N,Y,37.7822183,-122.4200478
MLS Listing,,Single Family Residential,2539 18th Ave,San Francisco,CA,94116,1900000,4,2.0,San Francisco,,2735,1935,10,,,Active,,,https://www.redfin.com/CA/San-Francisco/2539-18th-Ave-94116/home/1254208,BAREIS,423724734,N,Y,37.7404682,-122.4747528
MLS Listing,,Single Family Residential,54 Caine Ave,San Francisco,CA,94112,999998,2,1.0,San Francisco,1025,2495,1951,10,976,,Active,,,https://www.redfin.com/CA/San-Francisco/54-Caine-Ave-94112/home/1249495,MetroList,423724338,N,Y,37.7174094,-122.4507158
MLS Listing,,Single Family Residential,1566 34th Ave,San Francisco,CA,94122,1199000,2,1.0,San Francisco,1375,2996,1941,10,872,,Active,,,https://www.redfin.com/CA/San-Francisco/1566-34th-Ave-94122/home/639185,San Francisco MLS,423724074,N,Y,37.7579156,-122.4925959
MLS Listing,,Condo/Co-op,27 Ramona Ave,San Francisco,CA,94103,2349000,3,3.0,San Francisco,1800,1875,1915,10,1305,140,Active,,,https://www.redfin.com/CA/San-Francisco/27-Ramona-Ave-94103/home/148069515,San Francisco MLS,423724701,N,Y,37.7675933,-122.4252164
MLS Listing,,Condo/Co-op,3208 Pierce St #404,San Francisco,CA,94123,1198000,2,1.5,San Francisco,1100,,2007,10,1089,919,Active,,,https://www.redfin.com/CA/San-Francisco/3208-Pierce-St-94123/unit-404/home/12354613,San Francisco MLS,423724425,N,Y,37.7997886,-122.4391866
MLS Listing,,Vacant Land,95 Santa Cruz Ave,San Francisco,CA,94112,620000,,,San Francisco,,1999,,10,,,Active,,,https://www.redfin.com/CA/San-Francisco/95-Santa-Cruz-Ave-94112/home/110066937,San Francisco MLS,423721092,N,Y,37.7082364,-122.4655016
MLS Listing,,Multi-Family (5+ Unit),361 11th Ave,San Francisco,CA,94118,2395000,5,3.0,San Francisco,4164,2996,1961,10,575,,Active,,,https://www.redfin.com/CA/San-Francisco/361-11th-Ave-94118/home/1839314,San Francisco MLS,423724325,N,Y,37.7815882,-122.4699989
MLS Listing,,Condo/Co-op,300 3rd St #302,San Francisco,CA,94107,1098000,2,2.0,San Francisco,1161,48941,1990,10,946,950,Active,,,https://www.redfin.com/CA/San-Francisco/300-3rd-St-94107/unit-302/home/2011266,San Francisco MLS,423724516,N,Y,37.7831834,-122.3991177
MLS Listing,,Single Family Residential,231 Topaz Way,San Francisco,CA,94131,1898000,3,2.5,SAN FRANCISCO,2343,3212,1972,11,810,,Active,,,https://www.redfin.com/CA/San-Francisco/231-Topaz-Way-94131/home/1744843,MLSListings,ML81920285,N,Y,37.7397171,-122.4378547
MLS Listing,,Multi-Family (5+ Unit),435 - 441 Powell St,San Francisco,CA,94102,15500000,0,,San Francisco,17091,3994,1907,11,907,,Active,,,https://www.redfin.com/CA/San-Francisco/435-Powell-St-94102/home/1824714,San Francisco MLS,423724576,N,Y,37.7887609,-122.4088026
MLS Listing,,Multi-Family (2-4 Unit),2977 24th St,San Francisco,CA,94110,1450000,4,1.0,San Francisco,3168,2283,1900,11,458,,Active,,,https://www.redfin.com/CA/San-Francisco/2977-24th-St-94110/home/173439296,San Francisco MLS,423724574,N,Y,37.7524992,-122.411453
MLS Listing,,Single Family Residential,330 Flood Ave,San Francisco,CA,94112,799000,2,1.0,San Francisco,1100,2809,1926,11,726,,Active,,,https://www.redfin.com/CA/San-Francisco/330-Flood-Ave-94112/home/1082642,San Francisco MLS,423724043,N,Y,37.7301154,-122.4473582
MLS Listing,,Single Family Residential,1443 Lombard St,San Francisco,CA,94123,3988888,5,4.0,SAN FRANCISCO,3004,2656,1925,11,1328,,Active,,,https://www.redfin.com/CA/San-Francisco/1443-Lombard-St-94123/home/12243421,MLSListings,ML81920234,N,Y,37.8009185,-122.425333
MLS Listing,,Single Family Residential,2480 Broadway St,San Francisco,CA,94115,14295000,5,4.0,San Francisco,6335,4316,1907,11,2257,,Active,,,https://www.redfin.com/CA/San-Francisco/2480-Broadway-St-94115/home/562996,San Francisco MLS,423717000,N,Y,37.794158,-122.4380316
MLS Listing,,Single Family Residential,747 38th Ave,San Francisco,CA,94121,1088000,3,1.0,San Francisco,1190,3125,1924,11,914,,Active,,,https://www.redfin.com/CA/San-Francisco/747-38th-Ave-94121/home/912077,San Francisco MLS,423723239,N,Y,37.7747737,-122.4985301
MLS Listing,,Multi-Family (2-4 Unit),17 Hodges Aly,San Francisco,CA,94133,988888,4,2.0,SAN FRANCISCO,1152,897,1907,11,858,,Active,,,https://www.redfin.com/CA/San-Francisco/17-Hodges-Aly-94133/home/1881818,MLSListings,ML81920225,N,Y,37.799476,-122.4037691
MLS Listing,,Condo/Co-op,100 Duboce Ave #407,San Francisco,CA,94103,1460000,3,2.0,San Francisco,1292,4499,,11,1130,719,Active,,,https://www.redfin.com/CA/San-Francisco/100-Duboce-Ave-94103/unit-407/home/184578809,San Francisco MLS,423724501,N,Y,37.7699838,-122.4225493
MLS Listing,,Single Family Residential,553 Gates St,San Francisco,CA,94110,899000,2,1.0,San Francisco,1125,1750,1947,11,799,,Active,,,https://www.redfin.com/CA/San-Francisco/553-Gates-St-94110/home/1990329,San Francisco MLS,423724035,N,Y,37.7363855,-122.4140193
MLS Listing,,Condo/Co-op,644 Fillmore St,San Francisco,CA,94117,1649000,4,2.0,San Francisco,2129,4146,1900,11,775,301,Active,,,https://www.redfin.com/CA/San-Francisco/644-Fillmore-St-94117/home/1401801,San Francisco MLS,423721177,N,Y,37.775523,-122.430858
MLS Listing,,Condo/Co-op,435 China Basin St #442,San Francisco,CA,94158,1475000,2,2.0,San Francisco,1176,122891,2012,11,1254,1052,Active,,,https://www.redfin.com/CA/San-Francisco/435-China-Basin-St-94158/unit-442/home/40629333,San Francisco MLS,423717195,N,Y,37.7718864,-122.3885728
MLS Listing,,Condo/Co-op,318 Scott St,San Francisco,CA,94117,899500,1,1.0,San Francisco,900,2849,1900,11,999,400,Active,,,https://www.redfin.com/CA/San-Francisco/318-Scott-St-94117/home/184571127,San Francisco MLS,423721428,N,Y,37.7727446,-122.4354992
MLS Listing,,Multi-Family (2-4 Unit),1834 Eddy St,San Francisco,CA,94115,1200000,1,1.0,San Francisco,1396,1960,1900,11,860,,Active,,,https://www.redfin.com/CA/San-Francisco/1834-Eddy-St-94115/home/594706,San Francisco MLS,423721732,N,Y,37.7808167,-122.4387284
MLS Listing,,Condo/Co-op,1345 Turk St #218,San Francisco,CA,94115,420313,2,1.5,San Francisco,983,26708,2012,11,428,439,Active,March-16-2023 05:00 PM,March-16-2023 07:00 PM,https://www.redfin.com/CA/San-Francisco/1345-Turk-St-94115/unit-218/home/55244672,San Francisco MLS,423721459,N,Y,37.7804774,-122.4312188
MLS Listing,,Single Family Residential,196 Ocean Ave,San Francisco,CA,94112,1995000,6,3.0,San Francisco,,3667,1904,12,,,Active,,,https://www.redfin.com/CA/San-Francisco/196-Ocean-Ave-94112/home/700373,San Francisco MLS,423723561,N,Y,37.7235758,-122.4407234
MLS Listing,,Condo/Co-op,2206 Vallejo St,San Francisco,CA,94123,1995000,2,2.0,San Francisco,1736,8270,1913,12,1149,,Active,,,https://www.redfin.com/CA/San-Francisco/2206-Vallejo-St-94123/home/1667040,BAREIS,423721900,N,Y,37.795671,-122.433865
MLS Listing,,Single Family Residential,958 Ingerson Ave,San Francisco,CA,94124,1300000,3,2.0,Bayview,1484,2500,1975,12,876,,Active,,,https://www.redfin.com/CA/San-Francisco/958-Ingerson-Ave-94124/home/743697,"bridgeMLS, Bay East AOR, or Contra Costa AOR",41020341,N,Y,37.7188296,-122.3921427
MLS Listing,,Condo/Co-op,10 Innes Ct #102,San Francisco,CA,94124,899000,3,2.0,San Francisco,1223,,2018,12,735,,Active,,,https://www.redfin.com/CA/San-Francisco/10-Innes-Ct-94124/unit-102/home/169576550,San Francisco MLS,423723935,N,Y,37.7280682,-122.3679965
MLS Listing,,Single Family Residential,2028 Leavenworth St,San Francisco,CA,94133,9500000,4,6.0,San Francisco,4816,1820,2017,12,1973,,Active,,,https://www.redfin.com/CA/San-Francisco/2028-Leavenworth-St-94133/home/960549,San Francisco MLS,423720072,N,Y,37.7998774,-122.4172673
MLS Listing,,Vacant Land,1947 Palou Ave,San Francisco,CA,94124,828000,,,San Francisco,,4990,,12,,,Active,,,https://www.redfin.com/CA/San-Francisco/1947-Palou-Ave-94124/home/946492,San Francisco MLS,423721412,N,Y,37.7375769,-122.3975556
MLS Listing,,Condo/Co-op,690 Market St #901,San Francisco,CA,94104,1785000,2,2.5,San Francisco,1735,11358,2007,13,1029,3298,Active,,,https://www.redfin.com/CA/San-Francisco/690-Market-St-94104/unit-901/home/12277375,San Francisco MLS,423724057,N,Y,37.7883046,-122.4032778
MLS Listing,,Condo/Co-op,1960 Broadway,San Francisco,CA,94109,11250000,3,4.5,San Francisco,4360,16869,,13,2580,5497,Active,,,https://www.redfin.com/CA/San-Francisco/1960-Broadway-94109/home/12395515,San Francisco MLS,423724157,N,Y,37.7951341,-122.4294052
MLS Listing,,Condo/Co-op,1310 Greenwich St #401,San Francisco,CA,94109,3395000,2,2.0,San Francisco,1912,2639,1924,13,1776,877,Active,,,https://www.redfin.com/CA/San-Francisco/1310-Greenwich-St-94109/unit-401/home/148072726,San Francisco MLS,423724023,N,Y,37.8009108,-122.4214232
MLS Listing,,Single Family Residential,2106 22nd Ave,San Francisco,CA,94116,2180000,3,3.0,San Francisco,2402,2345,1935,13,908,,Active,,,https://www.redfin.com/CA/San-Francisco/2106-22nd-Ave-94116/home/1022987,San Francisco MLS,423724108,N,Y,37.748308,-122.4791196
MLS Listing,,Single Family Residential,390 Somerset St,San Francisco,CA,94134,988888,2,1.0,San Francisco,1125,1751,1926,13,879,,Active,,,https://www.redfin.com/CA/San-Francisco/390-Somerset-St-94134/home/776192,San Francisco MLS,423724089,N,Y,37.7267441,-122.4078045
MLS Listing,,Single Family Residential,336 Wilde Ave,San Francisco,CA,94134,988888,2,1.0,San Francisco,1233,2500,1924,13,802,,Active,,,https://www.redfin.com/CA/San-Francisco/336-Wilde-Ave-94134/home/1471922,San Francisco MLS,423724059,N,Y,37.7168121,-122.4034327
MLS Listing,,Condo/Co-op,3230 Washington St,San Francisco,CA,94115,1800000,3,2.0,San Francisco,1618,2565,1904,13,1112,300,Active,,,https://www.redfin.com/CA/San-Francisco/3230-Washington-St-94115/home/40628984,San Francisco MLS,423721417,N,Y,37.7901868,-122.4464685
MLS Listing,,Multi-Family (2-4 Unit),1118 - 1120 Capitol Ave,San Francisco,CA,94112,1995000,9,2.0,San Francisco,3475,2813,1907,13,574,,Active,,,https://www.redfin.com/CA/San-Francisco/1118-Capitol-Ave-94112/home/1142365,San Francisco MLS,423724021,N,Y,37.722238,-122.4589867
MLS Listing,,Multi-Family (5+ Unit),728 Page St,San Francisco,CA,94117,2000000,0,,San Francisco,5550,3319,1912,13,360,,Active,,,https://www.redfin.com/CA/San-Francisco/728-Page-St-94117/home/1979371,San Francisco MLS,423724016,N,Y,37.7730249,-122.4328781
MLS Listing,,Condo/Co-op,262 Frederick St #5,San Francisco,CA,94117,1495000,2,2.0,San Francisco,1344,2498,1903,13,1112,476,Active,March-14-2023 12:00 PM,March-14-2023 02:00 PM,https://www.redfin.com/CA/San-Francisco/262-Frederick-St-94117/unit-5/home/1444054,San Francisco MLS,423721208,N,Y,37.767306,-122.447539
MLS Listing,,Condo/Co-op,1456 Jefferson St,San Francisco,CA,94123,3125000,3,3.0,San Francisco,2676,,1935,13,1168,1157,Active,,,https://www.redfin.com/CA/San-Francisco/1456-Jefferson-St-94123/home/846709,San Francisco MLS,423723990,N,Y,37.8057147,-122.4365688
MLS Listing,,Condo/Co-op,1669 Grove St,San Francisco,CA,94117,1499000,3,1.0,San Francisco,1345,3436,1890,13,1114,310,Active,,,https://www.redfin.com/CA/San-Francisco/1669-Grove-St-94117/home/40135245,San Francisco MLS,423723869,N,Y,37.7750173,-122.444049
MLS Listing,,Single Family Residential,875 Francisco St,San Francisco,CA,94109,8495000,4,4.5,San Francisco,6330,3576,1915,13,1342,,Active,March-14-2023 09:00 AM,March-14-2023 11:00 AM,https://www.redfin.com/CA/San-Francisco/875-Francisco-St-94109/home/949892,San Francisco MLS,423723566,N,Y,37.8036803,-122.419539
MLS Listing,,Condo/Co-op,3229 Broderick St,San Francisco,CA,94123,3795000,3,3.5,San Francisco,2533,3438,1925,13,1498,,Active,,,https://www.redfin.com/CA/San-Francisco/3229-Broderick-St-94123/home/184536085,San Francisco MLS,423720679,N,Y,37.8002626,-122.444435
MLS Listing,,Condo/Co-op,246 2nd St #1404,San Francisco,CA,94105,750000,1,1.0,San Francisco,644,12933,2000,13,1165,663,Active,,,https://www.redfin.com/CA/San-Francisco/246-2nd-St-94105/unit-1404/home/959610,San Francisco MLS,423722657,N,Y,37.7858817,-122.3974144
MLS Listing,,Multi-Family (2-4 Unit),2337 Judah St,San Francisco,CA,94122,1495000,4,0.5,San Francisco,2383,2375,1945,13,627,,Active,,,https://www.redfin.com/CA/San-Francisco/2337-Judah-St-94122/home/69371788,San Francisco MLS,423722666,N,Y,37.7610244,-122.4872865
MLS Listing,,Condo/Co-op,225 9th St Unit C,San Francisco,CA,94103,522500,2,1.0,San Francisco,606,1999,1910,13,862,315,Active,,,https://www.redfin.com/CA/San-Francisco/225-9th-St-94103/unit-C/home/12108390,San Francisco MLS,423723709,N,Y,37.7747892,-122.4126214
MLS Listing,,Condo/Co-op,4027 23rd St,San Francisco,CA,94114,1799000,3,2.0,SAN FRANCISCO,1822,,1912,14,987,736,Active,,,https://www.redfin.com/CA/San-Francisco/4027-23rd-St-94114/home/110052254,MLSListings,ML81919952,N,Y,37.7527901,-122.4326286
MLS Listing,,Single Family Residential,787 Pacheco St,San Francisco,CA,94116,1395000,2,1.0,San Francisco,1225,2378,1947,14,1139,,Active,,,https://www.redfin.com/CA/San-Francisco/787-Pacheco-St-94116/home/1360189,San Francisco MLS,423723413,N,Y,37.7526526,-122.4691255
MLS Listing,,Condo/Co-op,1501 Filbert St Unit 4C,San Francisco,CA,94123,1500000,2,2.0,San Francisco,1130,10900,2014,14,1327,865,Active,,,https://www.redfin.com/CA/San-Francisco/1501-Filbert-St-94123/unit-4C/home/110051365,BAREIS,423718710,N,Y,37.7991911,-122.4245164
MLS Listing,,Condo/Co-op,1322 Vallejo St,San Francisco,CA,94109,739000,2,1.0,San Francisco,835,2360,1908,15,885,286,Active,,,https://www.redfin.com/CA/San-Francisco/1322-Vallejo-St-94109/home/184533513,San Francisco MLS,423723897,N,Y,37.7974803,-122.4192291
MLS Listing,,Condo/Co-op,401 Harrison St Unit 11F,San Francisco,CA,94105,1498000,2,2.0,SAN FRANCISCO,1240,,2014,16,1208,1527,Active,,,https://www.redfin.com/CA/San-Francisco/401-Harrison-St-94105/unit-11F/home/144063883,MLSListings,ML81919900,N,Y,37.7863747,-122.3919931
MLS Listing,,Single Family Residential,3817 Folsom St,San Francisco,CA,94110,2295000,4,3.0,San Francisco,2088,1751,1923,16,1099,,Active,,,https://www.redfin.com/CA/San-Francisco/3817-Folsom-St-94110/home/184517250,San Francisco MLS,423722850,N,Y,37.7386924,-122.4131786
MLS Listing,,Condo/Co-op,3583 Sacramento St,San Francisco,CA,94118,1995000,3,2.0,San Francisco,,,1907,16,,283,Active,,,https://www.redfin.com/CA/San-Francisco/3583-Sacramento-St-94118/home/855741,BAREIS,423723596,N,Y,37.7874639,-122.451542
MLS Listing,,Condo/Co-op,624 - A Guerrero St,San Francisco,CA,94110,1195000,2,1.5,San Francisco,1204,3500,1906,16,993,370,Active,,,https://www.redfin.com/CA/San-Francisco/624-Guerrero-St-94110/home/1565139,San Francisco MLS,423723691,N,Y,37.7610673,-122.4240632
MLS Listing,,Condo/Co-op,1825 Turk St #2,San Francisco,CA,94115,1275000,3,2.0,San Francisco,1272,4903,1988,16,1002,600,Active,,,https://www.redfin.com/CA/San-Francisco/1825-Turk-St-94115/unit-2/home/592738,San Francisco MLS,423722569,N,Y,37.7792854,-122.4395676
MLS Listing,,Condo/Co-op,320 30th Ave,San Francisco,CA,94121,2080000,3,3.5,Outer Richmond,1771,3000,2023,16,1174,,Active,,,https://www.redfin.com/CA/San-Francisco/320-30th-Ave-94121/home/184511514,"bridgeMLS, Bay East AOR, or Contra Costa AOR",41020113,N,Y,37.7832031,-122.4901194
MLS Listing,,Condo/Co-op,2363 Larkin St #31,San Francisco,CA,94109,950000,1,1.0,San Francisco,840,4952,1923,16,1131,1044,Active,,,https://www.redfin.com/CA/San-Francisco/2363-Larkin-St-94109/unit-31/home/1991722,San Francisco MLS,423716934,N,Y,37.799728,-122.4211982
MLS Listing,,Multi-Family (2-4 Unit),1225 - 1229 Rhode Island St,San Francisco,CA,94107,1769000,5,2.0,San Francisco,2119,2500,1911,16,835,,Active,,,https://www.redfin.com/CA/San-Francisco/1225-Rhode-Island-St-94107/home/1597993,MetroList,423723651,N,Y,37.7541894,-122.4012409
MLS Listing,,Condo/Co-op,115 Plymouth Ave Unit B,San Francisco,CA,94112,828000,3,2.0,San Francisco,1120,3500,2022,16,739,500,Active,,,https://www.redfin.com/CA/San-Francisco/115-Plymouth-Ave-94112/unit-B/home/182506744,San Francisco MLS,423723625,N,Y,37.711947,-122.4562114
MLS Listing,,Single Family Residential,745 27th Ave,San Francisco,CA,94121,2748000,4,4.0,San Francisco,2227,3118,1924,16,1234,,Active,,,https://www.redfin.com/CA/San-Francisco/745-27th-Ave-94121/home/1278992,San Francisco MLS,423723628,N,Y,37.775399,-122.486873
MLS Listing,,Condo/Co-op,2655 Bush St #203,San Francisco,CA,94115,1295000,2,2.0,San Francisco,1288,33520,2017,16,1005,978,Active,,,https://www.redfin.com/CA/San-Francisco/2655-Bush-St-94115/unit-203/home/144064059,San Francisco MLS,423723621,N,Y,37.7860549,-122.4402246
MLS Listing,,Single Family Residential,483 Tehama St,San Francisco,CA,94103,1495000,2,2.0,San Francisco,6100,2000,1926,16,245,,Active,,,https://www.redfin.com/CA/San-Francisco/483-Tehama-St-94103/home/184507296,San Francisco MLS,423722233,N,Y,37.7795718,-122.4060942
MLS Listing,,Multi-Family (5+ Unit),888 Union St,San Francisco,CA,94133,4200000,0,,San Francisco,10070,5323,1910,16,417,,Active,,,https://www.redfin.com/CA/San-Francisco/888-Union-St-94133/home/1578020,San Francisco MLS,423723605,N,Y,37.8000446,-122.413901
MLS Listing,,Single Family Residential,197 Goethe St,San Francisco,CA,94112,989000,3,3.0,SAN FRANCISCO,1208,3333,1922,16,819,,Active,,,https://www.redfin.com/CA/San-Francisco/197-Goethe-St-94112/home/834799,MLSListings,ML81919803,N,Y,37.7094152,-122.4606187
MLS Listing,,Multi-Family (2-4 Unit),1125 - 1129 Clay St,San Francisco,CA,94108,2295000,4,3.5,San Francisco,2316,1271,1910,16,991,,Active,,,https://www.redfin.com/CA/San-Francisco/1125-Clay-St-94108/home/1322080,San Francisco MLS,423722877,N,Y,37.793469,-122.4117367
MLS Listing,,Condo/Co-op,333 Main St Unit 6E,San Francisco,CA,94105,1498888,2,2.0,San Francisco,1366,,2008,16,1097,1245,Active,,,https://www.redfin.com/CA/San-Francisco/333-Main-St-94105/unit-6E/home/21966979,San Francisco MLS,423723598,N,Y,37.7891307,-122.3910195
MLS Listing,,Condo/Co-op,115 Plymouth Ave Unit A,San Francisco,CA,94112,828000,3,2.0,San Francisco,1120,3500,2022,16,739,500,Active,,,https://www.redfin.com/CA/San-Francisco/115-Plymouth-Ave-94112/unit-A/home/182479145,San Francisco MLS,423723577,N,Y,37.711947,-122.4562114
MLS Listing,,Multi-Family (5+ Unit),1073 - 1077 South Van Ness Ave,San Francisco,CA,94110,2800000,8,4.0,San Francisco,5880,3675,1900,16,476,,Active,,,https://www.redfin.com/CA/San-Francisco/1073-S-Van-Ness-Ave-94110/home/1494949,San Francisco MLS,423723559,N,Y,37.7560606,-122.4162568
MLS Listing,,Condo/Co-op,403 Main St #520,San Francisco,CA,94105,1175000,2,2.0,San Francisco,1083,29037,1997,16,1085,903,Active,,,https://www.redfin.com/CA/San-Francisco/403-Main-St-94105/unit-520/home/182691360,San Francisco MLS,423723429,N,Y,37.7880767,-122.3896032
MLS Listing,,Condo/Co-op,1878 Bush St,San Francisco,CA,94109,2200000,3,2.0,San Francisco,1718,3781,1900,16,1281,,Active,March-14-2023 11:00 AM,March-14-2023 03:00 PM,https://www.redfin.com/CA/San-Francisco/1878-Bush-St-94109/home/184507999,BAREIS,423723573,N,Y,37.7878187,-122.4281815
MLS Listing,,Condo/Co-op,2811 Market St,San Francisco,CA,94114,695000,0,1.0,San Francisco,601,,1922,16,1156,300,Active,March-14-2023 12:30 PM,March-14-2023 01:30 PM,https://www.redfin.com/CA/San-Francisco/2811-Market-St-94114/home/1462462,San Francisco MLS,423723531,N,Y,37.761176,-122.4395776
MLS Listing,,Condo/Co-op,1876 Bush St,San Francisco,CA,94109,2900000,3,2.0,San Francisco,2301,3781,1900,16,1260,,Active,,,https://www.redfin.com/CA/San-Francisco/1876-Bush-St-94109/home/184507238,BAREIS,423723336,N,Y,37.7879404,-122.4281553
MLS Listing,,Condo/Co-op,350 Church St Unit J,San Francisco,CA,94114,995000,1,1.0,San Francisco,830,18656,1981,16,1199,713,Active,March-14-2023 12:00 PM,March-14-2023 01:30 PM,https://www.redfin.com/CA/San-Francisco/350-Church-St-94114/unit-J/home/707313,San Francisco MLS,423723125,N,Y,37.765062,-122.429077
MLS Listing,,Condo/Co-op,1354 46th Ave,San Francisco,CA,94122,1299000,5,2.0,San Francisco,1704,3000,1915,16,762,200,Active,,,https://www.redfin.com/CA/San-Francisco/1354-46th-Ave-94122/home/184506960,San Francisco MLS,423722455,N,Y,37.761266,-122.5057498
MLS Listing,,Condo/Co-op,1236 Willard St,San Francisco,CA,94117,1195000,3,1.5,San Francisco,1270,2625,1900,16,941,200,Active,,,https://www.redfin.com/CA/San-Francisco/1236-Willard-St-94117/home/108981791,San Francisco MLS,423723476,N,Y,37.7656717,-122.4543198
MLS Listing,,Condo/Co-op,1001 California St #7,San Francisco,CA,94108,6350000,2,2.5,San Francisco,2980,4693,1914,16,2131,4869,Active,,,https://www.redfin.com/CA/San-Francisco/1001-California-St-94108/unit-7/home/550937,San Francisco MLS,423722703,N,Y,37.7916073,-122.4110437
MLS Listing,,Single Family Residential,200 Darien Way,San Francisco,CA,94127,2099000,4,4.0,San Francisco,2332,3589,1926,16,900,38,Active,,,https://www.redfin.com/CA/San-Francisco/200-Darien-Way-94127/home/1549510,"bridgeMLS, Bay East AOR, or Contra Costa AOR",41020064,N,Y,37.7317604,-122.4693909
MLS Listing,,Condo/Co-op,3310 Mission St #4,San Francisco,CA,94110,1395000,2,2.0,San Francisco,1398,4573,2022,16,998,604,Active,,,https://www.redfin.com/CA/San-Francisco/3310-Mission-St-94110/unit-4/home/179958059,San Francisco MLS,423723493,N,Y,37.7437863,-122.421382
MLS Listing,,Condo/Co-op,280 Spear St Unit 26A,San Francisco,CA,94105,1990000,2,2.0,San Francisco,1551,47916,2022,16,1283,1495,Active,,,https://www.redfin.com/CA/San-Francisco/280-Spear-St-94105/unit-26A/home/184505831,San Francisco MLS,423723549,N,Y,37.7901615,-122.3913352
MLS Listing,,Condo/Co-op,3326 California St #1,San Francisco,CA,94118,1345000,2,2.0,San Francisco,1180,3646,2000,16,1140,503,Active,,,https://www.redfin.com/CA/San-Francisco/3326-California-St-94118/unit-1/home/852376,San Francisco MLS,422710060,N,Y,37.7871586,-122.4494333
MLS Listing,,Condo/Co-op,5020 Mission St #4,San Francisco,CA,94112,995000,4,2.0,San Francisco,1515,2624,2004,16,657,575,Active,March-14-2023 02:00 PM,March-14-2023 04:00 PM,https://www.redfin.com/CA/San-Francisco/5020-Mission-St-94112/unit-4/home/1206617,San Francisco MLS,423723258,N,Y,37.7182437,-122.44004
MLS Listing,,Condo/Co-op,2130 Sutter St Unit B,San Francisco,CA,94115,1498000,2,2.0,San Francisco,1325,3761,1890,16,1131,410,Active,,,https://www.redfin.com/CA/San-Francisco/2130-Sutter-St-94115/unit-B/home/1823803,San Francisco MLS,423723029,N,Y,37.7859915,-122.4354933
MLS Listing,,Condo/Co-op,624 - 626 Castro St #626,San Francisco,CA,94114,1749000,3,1.5,San Francisco,1746,3624,1925,16,1002,325,Active,March-14-2023 12:00 PM,March-14-2023 02:00 PM,https://www.redfin.com/CA/San-Francisco/624-Castro-St-94114/unit-626/home/184479921,San Francisco MLS,423722923,N,Y,37.7587723,-122.4352023
MLS Listing,,Multi-Family (2-4 Unit),261 17th Ave,San Francisco,CA,94121,2998888,5,4.5,San Francisco,3560,3000,1998,16,842,,Active,,,https://www.redfin.com/CA/San-Francisco/261-17th-Ave-94121/home/1764932,San Francisco MLS,423723484,N,Y,37.7831081,-122.4766875
MLS Listing,,Multi-Family (5+ Unit),1454 South Van Ness Ave,San Francisco,CA,94110,4789000,15,8.0,San Francisco,5697,2844,1960,17,841,,Active,,,https://www.redfin.com/CA/San-Francisco/1454-S-Van-Ness-Ave-94110/home/1265411,San Francisco MLS,423723518,N,Y,37.7498902,-122.4163976
MLS Listing,,Condo/Co-op,1515 15th St #510,San Francisco,CA,94103,1195000,2,1.0,San Francisco,946,14125,2014,17,1263,723,Active,,,https://www.redfin.com/CA/San-Francisco/1515-15th-St-94103/unit-510/home/110051850,San Francisco MLS,423723105,N,Y,37.7665977,-122.4181501
MLS Listing,,Condo/Co-op,950 Tennessee St #317,San Francisco,CA,94107,579000,0,1.0,San Francisco,432,,2020,17,1340,436,Active,,,https://www.redfin.com/CA/San-Francisco/950-Tennessee-St-94107/unit-317/home/169789925,San Francisco MLS,423723442,N,Y,37.7596747,-122.3898245
MLS Listing,,Multi-Family (2-4 Unit),1156 - 1158 Geneva Ave,San Francisco,CA,94112,925000,2,,San Francisco,1950,2495,1925,17,474,,Active,,,https://www.redfin.com/CA/San-Francisco/1156-Geneva-Ave-94112/home/184475821,San Francisco MLS,423723403,N,Y,37.7143069,-122.4370947
MLS Listing,,Single Family Residential,1473 Hudson Ave,San Francisco,CA,94124,1595000,4,4.0,San Francisco,2745,2996,1933,17,581,,Active,,,https://www.redfin.com/CA/San-Francisco/1473-Hudson-Ave-94124/home/1293132,San Francisco MLS,423723451,N,Y,37.7385214,-122.3859962
MLS Listing,,Condo/Co-op,1415 San Bruno Ave Unit A,San Francisco,CA,94110,1199000,2,2.0,San Francisco,1116,2495,1900,17,1074,150,Active,,,https://www.redfin.com/CA/San-Francisco/1415-San-Bruno-Ave-94110/unit-A/home/180410694,San Francisco MLS,423723262,N,Y,37.7514017,-122.4039969
MLS Listing,,Condo/Co-op,1415 San Bruno Ave,San Francisco,CA,94110,1299000,3,2.0,San Francisco,1126,2495,1900,17,1154,150,Active,,,https://www.redfin.com/CA/San-Francisco/1415-San-Bruno-Ave-94110/home/1928725,San Francisco MLS,423723286,N,Y,37.7514017,-122.4039969
MLS Listing,,Condo/Co-op,88 King St #124,San Francisco,CA,94107,1299000,2,2.5,San Francisco,1362,82157,2000,17,954,1216,Active,March-14-2023 09:00 AM,March-14-2023 11:00 AM,https://www.redfin.com/CA/San-Francisco/88-King-St-94107/unit-124/home/1762005,San Francisco MLS,423719195,N,Y,37.7806052,-122.3892138
MLS Listing,,Condo/Co-op,1583 Dolores St,San Francisco,CA,94110,1349000,2,1.0,San Francisco,1432,2500,1900,17,942,318,Active,March-14-2023 12:00 PM,March-14-2023 02:00 PM,https://www.redfin.com/CA/San-Francisco/1583-Dolores-St-94110/home/40138922,San Francisco MLS,423719199,N,Y,37.7441347,-122.4240961
MLS Listing,,Single Family Residential,1457 Hudson Ave,San Francisco,CA,94124,1599999,5,3.0,SAN FRANCISCO,1785,2996,1912,17,896,,Active,,,https://www.redfin.com/CA/San-Francisco/1457-Hudson-Ave-94124/home/1993648,MLSListings,ML81919730,N,Y,37.7383794,-122.3857307
MLS Listing,,Single Family Residential,559 Texas St,San Francisco,CA,94107,998000,0,1.0,San Francisco,1050,2495,1900,17,950,,Active,,,https://www.redfin.com/CA/San-Francisco/559-Texas-St-94107/home/2034431,San Francisco MLS,423723356,N,Y,37.7593192,-122.3950135
MLS Listing,,Single Family Residential,525 Gennessee St,San Francisco,CA,94127,1859000,4,3.0,San Francisco,1950,2500,1926,17,953,,Active,March-14-2023 01:00 PM,March-14-2023 03:00 PM,https://www.redfin.com/CA/San-Francisco/525-Gennessee-St-94127/home/1334574,San Francisco MLS,422713096,N,Y,37.7327349,-122.4513793
MLS Listing,,Single Family Residential,1355 35th Ave,San Francisco,CA,94122,1799000,6,4.0,San Francisco,2445,2996,1927,17,736,,Active,,,https://www.redfin.com/CA/San-Francisco/1355-35th-Ave-94122/home/1765532,San Francisco MLS,423723367,N,Y,37.761764,-122.4945068
MLS Listing,,Multi-Family (2-4 Unit),1927 - 1929 Taraval St,San Francisco,CA,94116,1980000,4,,San Francisco,4812,2500,1987,17,411,,Active,,,https://www.redfin.com/CA/San-Francisco/1927-Taraval-St-94116/home/40540179,San Francisco MLS,422708464,N,Y,37.7423992,-122.4869389
MLS Listing,,Condo/Co-op,2242 Judah St,San Francisco,CA,94122,1150000,3,2.0,San Francisco,,1873,1945,17,,,Active,,,https://www.redfin.com/CA/San-Francisco/2242-Judah-St-94122/home/184473796,San Francisco MLS,423723334,N,Y,37.7614636,-122.4862766
MLS Listing,,Condo/Co-op,2240 Judah St,San Francisco,CA,94122,945000,3,2.0,San Francisco,,1873,1945,17,,,Active,,,https://www.redfin.com/CA/San-Francisco/2240-Judah-St-94122/home/1298290,San Francisco MLS,423723315,N,Y,37.7615025,-122.486292
MLS Listing,,Multi-Family (5+ Unit),225 Downey St,San Francisco,CA,94117,2400000,5,,San Francisco,4752,2000,1911,17,505,,Active,,,https://www.redfin.com/CA/San-Francisco/225-Downey-St-94117/home/1732137,San Francisco MLS,423723288,N,Y,37.7649,-122.4468786
MLS Listing,,Condo/Co-op,708 Long Bridge St #306,San Francisco,CA,94158,1739000,2,2.0,San Francisco,1425,84866,2016,17,1220,1410,Active,,,https://www.redfin.com/CA/San-Francisco/708-Long-Bridge-St-94158/unit-306/home/109315208,San Francisco MLS,422710633,N,Y,37.772094,-122.393719
MLS Listing,,Condo/Co-op,149 Albion St,San Francisco,CA,94110,2649000,3,2.5,San Francisco,1840,3263,2015,17,1440,869,Active,March-14-2023 12:00 PM,March-14-2023 02:00 PM,https://www.redfin.com/CA/San-Francisco/149-Albion-St-94110/home/110052256,San Francisco MLS,423715785,N,Y,37.7640979,-122.4225034
MLS Listing,,Single Family Residential,257 Montana St,San Francisco,CA,94112,998888,3,1.0,SAN FRANCISCO,986,3938,1907,17,1013,,Active,,,https://www.redfin.com/CA/San-Francisco/257-Montana-St-94112/home/28939372,MLSListings,ML81918424,N,Y,37.7164324,-122.4611207
MLS Listing,,Condo/Co-op,250 King St #264,San Francisco,CA,94107,549000,1,1.0,San Francisco,595,213232,2004,17,923,826,Active,,,https://www.redfin.com/CA/San-Francisco/250-King-St-94107/unit-264/home/22889192,San Francisco MLS,423718563,N,Y,37.7781222,-122.3932903
MLS Listing,,Condo/Co-op,99 Rausch St #202,San Francisco,CA,94103,625000,1,1.0,San Francisco,,32800,2017,17,,665,Active,,,https://www.redfin.com/CA/San-Francisco/99-Rausch-St-94103/unit-202/home/145745782,San Francisco MLS,423722267,N,Y,37.7762348,-122.4090223
MLS Listing,,Multi-Family (5+ Unit),324 Hyde St,San Francisco,CA,94109,1698000,0,,San Francisco,5472,2186,1917,17,310,,Active,,,https://www.redfin.com/CA/San-Francisco/324-Hyde-St-94109/home/1226700,San Francisco MLS,423723228,N,Y,37.7839179,-122.4156888
MLS Listing,,Single Family Residential,11 Imperial Ave,San Francisco,CA,94123,2249000,3,1.5,San Francisco,,2056,1906,17,,,Active,,,https://www.redfin.com/CA/San-Francisco/11-Imperial-Ave-94123/home/563045,San Francisco MLS,423722793,N,Y,37.7997405,-122.4266719
MLS Listing,,Single Family Residential,1429 Sacramento St,San Francisco,CA,94109,3495000,5,3.5,San Francisco,3265,2915,1908,17,1070,,Active,,,https://www.redfin.com/CA/San-Francisco/1429-Sacramento-St-94109/home/1287267,San Francisco MLS,423723079,N,Y,37.791972,-122.4166096
MLS Listing,,Townhouse,573 Donahue St,San Francisco,CA,94124,850000,2,2.0,San Francisco,1380,,2016,17,616,318,Active,,,https://www.redfin.com/CA/San-Francisco/573-Donahue-St-94124/home/109278429,San Francisco MLS,423720592,N,Y,37.7283708,-122.3703606
MLS Listing,,Condo/Co-op,170 Alpine Ter,San Francisco,CA,94117,1895000,3,1.0,SAN FRANCISCO,1483,,1905,18,1278,528,Active,,,https://www.redfin.com/CA/San-Francisco/170-Alpine-Ter-94117/home/666921,MLSListings,ML81919364,N,Y,37.7677565,-122.4374815
MLS Listing,,Condo/Co-op,338 Spear St Unit 39E,San Francisco,CA,94105,2625000,3,2.0,San Francisco,1582,76210,2009,18,1659,1253,Active,,,https://www.redfin.com/CA/San-Francisco/338-Spear-St-94105/unit-39E/home/21966658,San Francisco MLS,423718751,N,Y,37.7894137,-122.3906433
MLS Listing,,Single Family Residential,332 South Hill Blvd,San Francisco,CA,94112,1188000,3,2.0,San Francisco,1269,,1962,18,936,,Active,,,https://www.redfin.com/CA/San-Francisco/332-S-Hill-Blvd-94112/home/1966558,San Francisco MLS,423723142,N,Y,37.7084818,-122.4313739
MLS Listing,,Single Family Residential,566 Athens St,San Francisco,CA,94112,730000,2,1.0,SAN FRANCISCO,1104,2500,1916,18,661,,Active,,,https://www.redfin.com/CA/San-Francisco/566-Athens-St-94112/home/1663577,MLSListings,ML81919602,N,Y,37.7191682,-122.4306936
MLS Listing,,Condo/Co-op,601 Van Ness Ave #141,San Francisco,CA,94102,549000,1,1.5,San Francisco,889,105806,1982,18,618,1055,Active,,,https://www.redfin.com/CA/San-Francisco/601-Van-Ness-Ave-94102/unit-141/home/575444,San Francisco MLS,423723088,N,Y,37.7811165,-122.4213309
MLS Listing,,Condo/Co-op,15 Lucerne St Unit B,San Francisco,CA,94103,1295000,2,2.5,San Francisco,1875,12500,1997,18,691,876,Active,,,https://www.redfin.com/CA/San-Francisco/15-Lucerne-St-94103/unit-B/home/12396240,San Francisco MLS,423721413,N,Y,37.7737844,-122.401732
MLS Listing,,Condo/Co-op,201 Harrison St #201,San Francisco,CA,94105,439000,0,1.0,San Francisco,432,38449,1991,18,1016,612,Active,,,https://www.redfin.com/CA/San-Francisco/201-Harrison-St-94105/unit-201/home/1149017,San Francisco MLS,423723069,N,Y,37.7874798,-122.3905769
MLS Listing,,Condo/Co-op,150 Palm Ave #1,San Francisco,CA,94118,1395000,2,1.0,San Francisco,1362,4935,,18,1024,800,Active,,,https://www.redfin.com/CA/San-Francisco/150-Palm-Ave-94118/unit-1/home/2015794,San Francisco MLS,423722860,N,Y,37.7826961,-122.457494
MLS Listing,,Single Family Residential,1671 34th Ave,San Francisco,CA,94122,3989000,5,3.0,San Francisco,2616,3000,1940,18,1525,,Active,,,https://www.redfin.com/CA/San-Francisco/1671-34th-Ave-94122/home/1899869,San Francisco MLS,423719149,N,Y,37.7559384,-122.4930036
MLS Listing,,Single Family Residential,125 Majestic Ave,San Francisco,CA,94112,700000,2,1.0,San Francisco,1000,2495,1926,18,700,,Active,,,https://www.redfin.com/CA/San-Francisco/125-Majestic-Ave-94112/home/824735,San Francisco MLS,423722744,N,Y,37.7163711,-122.4521533
MLS Listing,,Condo/Co-op,534 Dorado Ter,San Francisco,CA,94112,975000,2,2.5,San Francisco,1332,87122,1985,18,732,448,Active,,,https://www.redfin.com/CA/San-Francisco/534-Dorado-Ter-94112/home/183850365,BAREIS,423722832,N,Y,37.725627,-122.461631
MLS Listing,,Condo/Co-op,1722 Larkin St,San Francisco,CA,94109,1600000,3,2.0,San Francisco,1950,3499,1905,18,821,,Active,,,https://www.redfin.com/CA/San-Francisco/1722-Larkin-St-94109/home/163853239,San Francisco MLS,423722333,N,Y,37.7937955,-122.4194948
MLS Listing,,Multi-Family (2-4 Unit),2576 - 2578 Folsom St,San Francisco,CA,94110,1795000,19,7.5,San Francisco,3725,3369,1890,19,482,,Active,,,https://www.redfin.com/CA/San-Francisco/2576-Folsom-St-94110/home/2004792,San Francisco MLS,423722858,N,Y,37.7560582,-122.4147695
MLS Listing,,Condo/Co-op,1587 15th St #403,San Francisco,CA,94103,509950,2,1.0,San Francisco,724,8670,2007,19,704,578,Active,,,https://www.redfin.com/CA/San-Francisco/1587-15th-St-94103/unit-403/home/21967234,San Francisco MLS,423722837,N,Y,37.7665804,-122.41957
MLS Listing,,Single Family Residential,3410 Jackson St,San Francisco,CA,94118,23500000,5,5.5,San Francisco,7140,4788,1923,19,3291,,Active,,,https://www.redfin.com/CA/San-Francisco/3410-Jackson-St-94118/home/584993,San Francisco MLS,423719913,N,Y,37.7906428,-122.4512211
MLS Listing,,Condo/Co-op,259 Clara St #202,San Francisco,CA,94107,1195000,2,2.0,San Francisco,1240,,2017,19,964,569,Active,,,https://www.redfin.com/CA/San-Francisco/259-Clara-St-94107/unit-202/home/173948898,San Francisco MLS,423721794,N,Y,37.7783397,-122.4034459
MLS Listing,,Single Family Residential,650 11th Ave,San Francisco,CA,94118,2350000,5,4.0,San Francisco,2613,3000,1922,19,899,,Active,,,https://www.redfin.com/CA/San-Francisco/650-11th-Ave-94118/home/1341882,San Francisco MLS,423718315,N,Y,37.7760458,-122.4690517
MLS Listing,,Single Family Residential,3949 21St St,San Francisco,CA,94114,1695000,1,2.0,San Francisco,695,1873,1918,19,2439,,Active,,,https://www.redfin.com/CA/San-Francisco/3949-21st-St-94114/home/1921893,"bridgeMLS, Bay East AOR, or Contra Costa AOR",41019749,N,Y,37.75591,-122.4354276
MLS Listing,,Single Family Residential,586 Paris St,San Francisco,CA,94112,750000,3,3.0,SAN FRANCISCO,2150,2500,1913,19,349,,Active,,,https://www.redfin.com/CA/San-Francisco/586-Paris-St-94112/home/1614554,MLSListings,ML81919441,N,Y,37.7195678,-122.4367377
MLS Listing,,Condo/Co-op,4 Newell St Unit A,San Francisco,CA,94133,1396000,1,1.5,San Francisco,1171,2326,1918,19,1192,,Active,,,https://www.redfin.com/CA/San-Francisco/4-Newell-St-94133/unit-A/home/184411684,San Francisco MLS,423722770,N,Y,37.8031286,-122.4135484
MLS Listing,,Condo/Co-op,4 Newell St,San Francisco,CA,94133,1815000,3,2.5,San Francisco,1523,2326,1918,19,1192,,Active,,,https://www.redfin.com/CA/San-Francisco/4-Newell-St-94133/home/184411600,San Francisco MLS,423722767,N,Y,37.8031286,-122.4135484
MLS Listing,,Single Family Residential,1342 Fell St,San Francisco,CA,95132,4195001,4,4.0,San Francisco,3780,3436,2023,19,1110,,Active,,,https://www.redfin.com/CA/San-Francisco/1342-Fell-St-94117/home/1000384,San Francisco MLS,423721334,N,Y,37.77403,-122.4400806
MLS Listing,,Condo/Co-op,1320 Vallejo St,San Francisco,CA,94109,730000,2,1.0,San Francisco,835,2360,1908,20,874,286,Active,,,https://www.redfin.com/CA/San-Francisco/1320-Vallejo-St-94109/home/184404940,San Francisco MLS,423722720,N,Y,37.7974621,-122.4192231
MLS Listing,,Condo/Co-op,750 Great Hwy #1,San Francisco,CA,94121,1598000,3,2.0,San Francisco,1295,3564,1990,20,1234,545,Active,March-16-2023 04:15 PM,March-16-2023 07:15 PM,https://www.redfin.com/CA/San-Francisco/750-Great-Hwy-94121/unit-1/home/1839647,San Francisco MLS,422712804,N,Y,37.7741852,-122.5106875
MLS Listing,,Single Family Residential,3501 Lawton St,San Francisco,CA,94122,1350000,2,1.0,San Francisco,1230,1746,1940,20,1098,,Active,,,https://www.redfin.com/CA/San-Francisco/3501-Lawton-St-94122/home/1155605,CRMLS,OC22106605,N,Y,37.756784,-122.5005196
MLS Listing,,Single Family Residential,197 Lower Ter,San Francisco,CA,94114,2395000,3,2.0,San Francisco,1575,2199,1924,20,1521,,Active,,,https://www.redfin.com/CA/San-Francisco/197-Lower-Ter-94114/home/1082146,BAREIS,423721194,N,Y,37.763163,-122.4436938
MLS Listing,,Condo/Co-op,425 1st St #4706,San Francisco,CA,94105,1998000,2,2.0,San Francisco,1238,56024,2008,21,1614,1349,Active,,,https://www.redfin.com/CA/San-Francisco/425-1st-St-94105/unit-4706/home/17304838,San Francisco MLS,423722058,N,Y,37.7857365,-122.3921923
MLS Listing,,Vacant Land,1874 Quesada Ave,San Francisco,CA,94124,99900,,,San Francisco,,2495,,21,,,Active,,,https://www.redfin.com/CA/San-Francisco/1874-Quesada-Ave-94124/home/184391804,San Francisco MLS,423722585,N,Y,37.7354025,-122.3945509
MLS Listing,,Single Family Residential,473 Andover St,San Francisco,CA,94110,3100000,4,2.0,San Francisco,1600,3497,1928,22,1938,,Active,,,https://www.redfin.com/CA/San-Francisco/473-Andover-St-94110/home/765241,MetroList,423722524,N,Y,37.7376142,-122.4163533
